[
{
  "model": "admin.logentry",
  "pk": 1,
  "fields": {
    "action_time": "2025-10-06T12:57:01.176Z",
    "user": 1,
    "content_type": 13,
    "object_id": "1",
    "object_repr": "Recorrido 1 - verde",
    "action_flag": 1,
    "change_message": "[{\"added\": {}}]"
  }
},
{
  "model": "auth.permission",
  "pk": 1,
  "fields": {
    "name": "Can add log entry",
    "content_type": 1,
    "codename": "add_logentry"
  }
},
{
  "model": "auth.permission",
  "pk": 2,
  "fields": {
    "name": "Can change log entry",
    "content_type": 1,
    "codename": "change_logentry"
  }
},
{
  "model": "auth.permission",
  "pk": 3,
  "fields": {
    "name": "Can delete log entry",
    "content_type": 1,
    "codename": "delete_logentry"
  }
},
{
  "model": "auth.permission",
  "pk": 4,
  "fields": {
    "name": "Can view log entry",
    "content_type": 1,
    "codename": "view_logentry"
  }
},
{
  "model": "auth.permission",
  "pk": 5,
  "fields": {
    "name": "Can add permission",
    "content_type": 2,
    "codename": "add_permission"
  }
},
{
  "model": "auth.permission",
  "pk": 6,
  "fields": {
    "name": "Can change permission",
    "content_type": 2,
    "codename": "change_permission"
  }
},
{
  "model": "auth.permission",
  "pk": 7,
  "fields": {
    "name": "Can delete permission",
    "content_type": 2,
    "codename": "delete_permission"
  }
},
{
  "model": "auth.permission",
  "pk": 8,
  "fields": {
    "name": "Can view permission",
    "content_type": 2,
    "codename": "view_permission"
  }
},
{
  "model": "auth.permission",
  "pk": 9,
  "fields": {
    "name": "Can add group",
    "content_type": 3,
    "codename": "add_group"
  }
},
{
  "model": "auth.permission",
  "pk": 10,
  "fields": {
    "name": "Can change group",
    "content_type": 3,
    "codename": "change_group"
  }
},
{
  "model": "auth.permission",
  "pk": 11,
  "fields": {
    "name": "Can delete group",
    "content_type": 3,
    "codename": "delete_group"
  }
},
{
  "model": "auth.permission",
  "pk": 12,
  "fields": {
    "name": "Can view group",
    "content_type": 3,
    "codename": "view_group"
  }
},
{
  "model": "auth.permission",
  "pk": 13,
  "fields": {
    "name": "Can add user",
    "content_type": 4,
    "codename": "add_user"
  }
},
{
  "model": "auth.permission",
  "pk": 14,
  "fields": {
    "name": "Can change user",
    "content_type": 4,
    "codename": "change_user"
  }
},
{
  "model": "auth.permission",
  "pk": 15,
  "fields": {
    "name": "Can delete user",
    "content_type": 4,
    "codename": "delete_user"
  }
},
{
  "model": "auth.permission",
  "pk": 16,
  "fields": {
    "name": "Can view user",
    "content_type": 4,
    "codename": "view_user"
  }
},
{
  "model": "auth.permission",
  "pk": 17,
  "fields": {
    "name": "Can add content type",
    "content_type": 5,
    "codename": "add_contenttype"
  }
},
{
  "model": "auth.permission",
  "pk": 18,
  "fields": {
    "name": "Can change content type",
    "content_type": 5,
    "codename": "change_contenttype"
  }
},
{
  "model": "auth.permission",
  "pk": 19,
  "fields": {
    "name": "Can delete content type",
    "content_type": 5,
    "codename": "delete_contenttype"
  }
},
{
  "model": "auth.permission",
  "pk": 20,
  "fields": {
    "name": "Can view content type",
    "content_type": 5,
    "codename": "view_contenttype"
  }
},
{
  "model": "auth.permission",
  "pk": 21,
  "fields": {
    "name": "Can add session",
    "content_type": 6,
    "codename": "add_session"
  }
},
{
  "model": "auth.permission",
  "pk": 22,
  "fields": {
    "name": "Can change session",
    "content_type": 6,
    "codename": "change_session"
  }
},
{
  "model": "auth.permission",
  "pk": 23,
  "fields": {
    "name": "Can delete session",
    "content_type": 6,
    "codename": "delete_session"
  }
},
{
  "model": "auth.permission",
  "pk": 24,
  "fields": {
    "name": "Can view session",
    "content_type": 6,
    "codename": "view_session"
  }
},
{
  "model": "auth.permission",
  "pk": 25,
  "fields": {
    "name": "Can add atractivo",
    "content_type": 7,
    "codename": "add_atractivo"
  }
},
{
  "model": "auth.permission",
  "pk": 26,
  "fields": {
    "name": "Can change atractivo",
    "content_type": 7,
    "codename": "change_atractivo"
  }
},
{
  "model": "auth.permission",
  "pk": 27,
  "fields": {
    "name": "Can delete atractivo",
    "content_type": 7,
    "codename": "delete_atractivo"
  }
},
{
  "model": "auth.permission",
  "pk": 28,
  "fields": {
    "name": "Can view atractivo",
    "content_type": 7,
    "codename": "view_atractivo"
  }
},
{
  "model": "auth.permission",
  "pk": 29,
  "fields": {
    "name": "Can add bus",
    "content_type": 8,
    "codename": "add_bus"
  }
},
{
  "model": "auth.permission",
  "pk": 30,
  "fields": {
    "name": "Can change bus",
    "content_type": 8,
    "codename": "change_bus"
  }
},
{
  "model": "auth.permission",
  "pk": 31,
  "fields": {
    "name": "Can delete bus",
    "content_type": 8,
    "codename": "delete_bus"
  }
},
{
  "model": "auth.permission",
  "pk": 32,
  "fields": {
    "name": "Can view bus",
    "content_type": 8,
    "codename": "view_bus"
  }
},
{
  "model": "auth.permission",
  "pk": 33,
  "fields": {
    "name": "Can add consulta",
    "content_type": 9,
    "codename": "add_consulta"
  }
},
{
  "model": "auth.permission",
  "pk": 34,
  "fields": {
    "name": "Can change consulta",
    "content_type": 9,
    "codename": "change_consulta"
  }
},
{
  "model": "auth.permission",
  "pk": 35,
  "fields": {
    "name": "Can delete consulta",
    "content_type": 9,
    "codename": "delete_consulta"
  }
},
{
  "model": "auth.permission",
  "pk": 36,
  "fields": {
    "name": "Can view consulta",
    "content_type": 9,
    "codename": "view_consulta"
  }
},
{
  "model": "auth.permission",
  "pk": 37,
  "fields": {
    "name": "Can add estado bus",
    "content_type": 10,
    "codename": "add_estadobus"
  }
},
{
  "model": "auth.permission",
  "pk": 38,
  "fields": {
    "name": "Can change estado bus",
    "content_type": 10,
    "codename": "change_estadobus"
  }
},
{
  "model": "auth.permission",
  "pk": 39,
  "fields": {
    "name": "Can delete estado bus",
    "content_type": 10,
    "codename": "delete_estadobus"
  }
},
{
  "model": "auth.permission",
  "pk": 40,
  "fields": {
    "name": "Can view estado bus",
    "content_type": 10,
    "codename": "view_estadobus"
  }
},
{
  "model": "auth.permission",
  "pk": 41,
  "fields": {
    "name": "Can add estado viaje",
    "content_type": 11,
    "codename": "add_estadoviaje"
  }
},
{
  "model": "auth.permission",
  "pk": 42,
  "fields": {
    "name": "Can change estado viaje",
    "content_type": 11,
    "codename": "change_estadoviaje"
  }
},
{
  "model": "auth.permission",
  "pk": 43,
  "fields": {
    "name": "Can delete estado viaje",
    "content_type": 11,
    "codename": "delete_estadoviaje"
  }
},
{
  "model": "auth.permission",
  "pk": 44,
  "fields": {
    "name": "Can view estado viaje",
    "content_type": 11,
    "codename": "view_estadoviaje"
  }
},
{
  "model": "auth.permission",
  "pk": 45,
  "fields": {
    "name": "Can add parada",
    "content_type": 12,
    "codename": "add_parada"
  }
},
{
  "model": "auth.permission",
  "pk": 46,
  "fields": {
    "name": "Can change parada",
    "content_type": 12,
    "codename": "change_parada"
  }
},
{
  "model": "auth.permission",
  "pk": 47,
  "fields": {
    "name": "Can delete parada",
    "content_type": 12,
    "codename": "delete_parada"
  }
},
{
  "model": "auth.permission",
  "pk": 48,
  "fields": {
    "name": "Can view parada",
    "content_type": 12,
    "codename": "view_parada"
  }
},
{
  "model": "auth.permission",
  "pk": 49,
  "fields": {
    "name": "Can add recorrido",
    "content_type": 13,
    "codename": "add_recorrido"
  }
},
{
  "model": "auth.permission",
  "pk": 50,
  "fields": {
    "name": "Can change recorrido",
    "content_type": 13,
    "codename": "change_recorrido"
  }
},
{
  "model": "auth.permission",
  "pk": 51,
  "fields": {
    "name": "Can delete recorrido",
    "content_type": 13,
    "codename": "delete_recorrido"
  }
},
{
  "model": "auth.permission",
  "pk": 52,
  "fields": {
    "name": "Can view recorrido",
    "content_type": 13,
    "codename": "view_recorrido"
  }
},
{
  "model": "auth.permission",
  "pk": 53,
  "fields": {
    "name": "Can add chofer",
    "content_type": 14,
    "codename": "add_chofer"
  }
},
{
  "model": "auth.permission",
  "pk": 54,
  "fields": {
    "name": "Can change chofer",
    "content_type": 14,
    "codename": "change_chofer"
  }
},
{
  "model": "auth.permission",
  "pk": 55,
  "fields": {
    "name": "Can delete chofer",
    "content_type": 14,
    "codename": "delete_chofer"
  }
},
{
  "model": "auth.permission",
  "pk": 56,
  "fields": {
    "name": "Can view chofer",
    "content_type": 14,
    "codename": "view_chofer"
  }
},
{
  "model": "auth.permission",
  "pk": 57,
  "fields": {
    "name": "Can add estado bus historial",
    "content_type": 15,
    "codename": "add_estadobushistorial"
  }
},
{
  "model": "auth.permission",
  "pk": 58,
  "fields": {
    "name": "Can change estado bus historial",
    "content_type": 15,
    "codename": "change_estadobushistorial"
  }
},
{
  "model": "auth.permission",
  "pk": 59,
  "fields": {
    "name": "Can delete estado bus historial",
    "content_type": 15,
    "codename": "delete_estadobushistorial"
  }
},
{
  "model": "auth.permission",
  "pk": 60,
  "fields": {
    "name": "Can view estado bus historial",
    "content_type": 15,
    "codename": "view_estadobushistorial"
  }
},
{
  "model": "auth.permission",
  "pk": 61,
  "fields": {
    "name": "Can add viaje",
    "content_type": 16,
    "codename": "add_viaje"
  }
},
{
  "model": "auth.permission",
  "pk": 62,
  "fields": {
    "name": "Can change viaje",
    "content_type": 16,
    "codename": "change_viaje"
  }
},
{
  "model": "auth.permission",
  "pk": 63,
  "fields": {
    "name": "Can delete viaje",
    "content_type": 16,
    "codename": "delete_viaje"
  }
},
{
  "model": "auth.permission",
  "pk": 64,
  "fields": {
    "name": "Can view viaje",
    "content_type": 16,
    "codename": "view_viaje"
  }
},
{
  "model": "auth.permission",
  "pk": 65,
  "fields": {
    "name": "Can add ubicacion colectivo",
    "content_type": 17,
    "codename": "add_ubicacioncolectivo"
  }
},
{
  "model": "auth.permission",
  "pk": 66,
  "fields": {
    "name": "Can change ubicacion colectivo",
    "content_type": 17,
    "codename": "change_ubicacioncolectivo"
  }
},
{
  "model": "auth.permission",
  "pk": 67,
  "fields": {
    "name": "Can delete ubicacion colectivo",
    "content_type": 17,
    "codename": "delete_ubicacioncolectivo"
  }
},
{
  "model": "auth.permission",
  "pk": 68,
  "fields": {
    "name": "Can view ubicacion colectivo",
    "content_type": 17,
    "codename": "view_ubicacioncolectivo"
  }
},
{
  "model": "auth.permission",
  "pk": 69,
  "fields": {
    "name": "Can add historial estado viaje",
    "content_type": 18,
    "codename": "add_historialestadoviaje"
  }
},
{
  "model": "auth.permission",
  "pk": 70,
  "fields": {
    "name": "Can change historial estado viaje",
    "content_type": 18,
    "codename": "change_historialestadoviaje"
  }
},
{
  "model": "auth.permission",
  "pk": 71,
  "fields": {
    "name": "Can delete historial estado viaje",
    "content_type": 18,
    "codename": "delete_historialestadoviaje"
  }
},
{
  "model": "auth.permission",
  "pk": 72,
  "fields": {
    "name": "Can view historial estado viaje",
    "content_type": 18,
    "codename": "view_historialestadoviaje"
  }
},
{
  "model": "auth.permission",
  "pk": 73,
  "fields": {
    "name": "Can add parada atractivo",
    "content_type": 19,
    "codename": "add_paradaatractivo"
  }
},
{
  "model": "auth.permission",
  "pk": 74,
  "fields": {
    "name": "Can change parada atractivo",
    "content_type": 19,
    "codename": "change_paradaatractivo"
  }
},
{
  "model": "auth.permission",
  "pk": 75,
  "fields": {
    "name": "Can delete parada atractivo",
    "content_type": 19,
    "codename": "delete_paradaatractivo"
  }
},
{
  "model": "auth.permission",
  "pk": 76,
  "fields": {
    "name": "Can view parada atractivo",
    "content_type": 19,
    "codename": "view_paradaatractivo"
  }
},
{
  "model": "auth.permission",
  "pk": 77,
  "fields": {
    "name": "Can add recorrido parada",
    "content_type": 20,
    "codename": "add_recorridoparada"
  }
},
{
  "model": "auth.permission",
  "pk": 78,
  "fields": {
    "name": "Can change recorrido parada",
    "content_type": 20,
    "codename": "change_recorridoparada"
  }
},
{
  "model": "auth.permission",
  "pk": 79,
  "fields": {
    "name": "Can delete recorrido parada",
    "content_type": 20,
    "codename": "delete_recorridoparada"
  }
},
{
  "model": "auth.permission",
  "pk": 80,
  "fields": {
    "name": "Can view recorrido parada",
    "content_type": 20,
    "codename": "view_recorridoparada"
  }
},
{
  "model": "auth.permission",
  "pk": 81,
  "fields": {
    "name": "Can add precio",
    "content_type": 21,
    "codename": "add_precio"
  }
},
{
  "model": "auth.permission",
  "pk": 82,
  "fields": {
    "name": "Can change precio",
    "content_type": 21,
    "codename": "change_precio"
  }
},
{
  "model": "auth.permission",
  "pk": 83,
  "fields": {
    "name": "Can delete precio",
    "content_type": 21,
    "codename": "delete_precio"
  }
},
{
  "model": "auth.permission",
  "pk": 84,
  "fields": {
    "name": "Can view precio",
    "content_type": 21,
    "codename": "view_precio"
  }
},
{
  "model": "auth.permission",
  "pk": 85,
  "fields": {
    "name": "Can add traduccion",
    "content_type": 22,
    "codename": "add_traduccion"
  }
},
{
  "model": "auth.permission",
  "pk": 86,
  "fields": {
    "name": "Can change traduccion",
    "content_type": 22,
    "codename": "change_traduccion"
  }
},
{
  "model": "auth.permission",
  "pk": 87,
  "fields": {
    "name": "Can delete traduccion",
    "content_type": 22,
    "codename": "delete_traduccion"
  }
},
{
  "model": "auth.permission",
  "pk": 88,
  "fields": {
    "name": "Can view traduccion",
    "content_type": 22,
    "codename": "view_traduccion"
  }
},
{
  "model": "auth.permission",
  "pk": 89,
  "fields": {
    "name": "Can add Reserva",
    "content_type": 23,
    "codename": "add_reserva"
  }
},
{
  "model": "auth.permission",
  "pk": 90,
  "fields": {
    "name": "Can change Reserva",
    "content_type": 23,
    "codename": "change_reserva"
  }
},
{
  "model": "auth.permission",
  "pk": 91,
  "fields": {
    "name": "Can delete Reserva",
    "content_type": 23,
    "codename": "delete_reserva"
  }
},
{
  "model": "auth.permission",
  "pk": 92,
  "fields": {
    "name": "Can view Reserva",
    "content_type": 23,
    "codename": "view_reserva"
  }
},
{
  "model": "auth.user",
  "pk": 1,
  "fields": {
    "password": "pbkdf2_sha256$1000000$A213cX1A8ED4xgRmFxycGJ$o7yjZibZw3IZb5kywCpGN04r693Bh9uvN2JReh0HK2M=",
    "last_login": "2025-10-27T01:20:28.401Z",
    "is_superuser": true,
    "username": "admin",
    "first_name": "",
    "last_name": "",
    "email": "admin@admin.com",
    "is_staff": true,
    "is_active": true,
    "date_joined": "2024-01-01T00:00:00Z",
    "groups": [],
    "user_permissions": []
  }
},
{
  "model": "auth.user",
  "pk": 2,
  "fields": {
    "password": "pbkdf2_sha256$600000$f046c645ad13$w6s7eP4JoLcXJPMCOMmRaEp7rethc9p11VHs8o6Cn0c=",
    "last_login": null,
    "is_superuser": false,
    "username": "chofer_3012",
    "first_name": "Juan",
    "last_name": "Pérez",
    "email": "chofer_3012@busturistico.com",
    "is_staff": false,
    "is_active": true,
    "date_joined": "2024-01-01T00:00:00Z",
    "groups": [],
    "user_permissions": []
  }
},
{
  "model": "auth.user",
  "pk": 3,
  "fields": {
    "password": "pbkdf2_sha256$600000$eb7d6ad5932a$TjM5YOH0V5xSQeGTXPqOoX1/vNs+evREOUdMAOyJmr0=",
    "last_login": null,
    "is_superuser": false,
    "username": "chofer_3222",
    "first_name": "María",
    "last_name": "López",
    "email": "chofer_3222@busturistico.com",
    "is_staff": false,
    "is_active": true,
    "date_joined": "2024-01-01T00:00:00Z",
    "groups": [],
    "user_permissions": []
  }
},
{
  "model": "auth.user",
  "pk": 4,
  "fields": {
    "password": "pbkdf2_sha256$600000$0a7b129ecb6c$7Udb2vrcfkkEtE8mYVIgLEPmIuWQ9sUiDGu6goZERzw=",
    "last_login": null,
    "is_superuser": false,
    "username": "chofer_2845",
    "first_name": "Carlos",
    "last_name": "Gómez",
    "email": "chofer_2845@busturistico.com",
    "is_staff": false,
    "is_active": true,
    "date_joined": "2024-01-01T00:00:00Z",
    "groups": [],
    "user_permissions": []
  }
},
{
  "model": "auth.user",
  "pk": 5,
  "fields": {
    "password": "pbkdf2_sha256$600000$4b6043f6eb89$VaCPxQ7daNkE1NGFTpOYBeHrLVqOtTu87+Wep0lOqwI=",
    "last_login": null,
    "is_superuser": false,
    "username": "chofer_3311",
    "first_name": "Lucía",
    "last_name": "Fernández",
    "email": "chofer_3311@busturistico.com",
    "is_staff": false,
    "is_active": true,
    "date_joined": "2024-01-01T00:00:00Z",
    "groups": [],
    "user_permissions": []
  }
},
{
  "model": "auth.user",
  "pk": 6,
  "fields": {
    "password": "pbkdf2_sha256$600000$2db85429fe98$pIyex9o70aI+x71NlebeXTvBFpZcriRkVFVPf/wQHyc=",
    "last_login": null,
    "is_superuser": false,
    "username": "chofer_3455",
    "first_name": "Sofía",
    "last_name": "Martínez",
    "email": "chofer_3455@busturistico.com",
    "is_staff": false,
    "is_active": true,
    "date_joined": "2024-01-01T00:00:00Z",
    "groups": [],
    "user_permissions": []
  }
},
{
  "model": "auth.user",
  "pk": 7,
  "fields": {
    "password": "pbkdf2_sha256$600000$d5d1d9d0e619$86YtsRIrtErLpFzraA83bI4Ct8SzIKtVj3D2opse6J4=",
    "last_login": null,
    "is_superuser": false,
    "username": "chofer_4860",
    "first_name": "Tomas",
    "last_name": "Núñez",
    "email": "chofer_4860@busturistico.com",
    "is_staff": false,
    "is_active": true,
    "date_joined": "2024-01-01T00:00:00Z",
    "groups": [],
    "user_permissions": []
  }
},
{
  "model": "contenttypes.contenttype",
  "pk": 1,
  "fields": {
    "app_label": "admin",
    "model": "logentry"
  }
},
{
  "model": "contenttypes.contenttype",
  "pk": 2,
  "fields": {
    "app_label": "auth",
    "model": "permission"
  }
},
{
  "model": "contenttypes.contenttype",
  "pk": 3,
  "fields": {
    "app_label": "auth",
    "model": "group"
  }
},
{
  "model": "contenttypes.contenttype",
  "pk": 4,
  "fields": {
    "app_label": "auth",
    "model": "user"
  }
},
{
  "model": "contenttypes.contenttype",
  "pk": 5,
  "fields": {
    "app_label": "contenttypes",
    "model": "contenttype"
  }
},
{
  "model": "contenttypes.contenttype",
  "pk": 6,
  "fields": {
    "app_label": "sessions",
    "model": "session"
  }
},
{
  "model": "contenttypes.contenttype",
  "pk": 7,
  "fields": {
    "app_label": "busturistico",
    "model": "atractivo"
  }
},
{
  "model": "contenttypes.contenttype",
  "pk": 8,
  "fields": {
    "app_label": "busturistico",
    "model": "bus"
  }
},
{
  "model": "contenttypes.contenttype",
  "pk": 9,
  "fields": {
    "app_label": "busturistico",
    "model": "consulta"
  }
},
{
  "model": "contenttypes.contenttype",
  "pk": 10,
  "fields": {
    "app_label": "busturistico",
    "model": "estadobus"
  }
},
{
  "model": "contenttypes.contenttype",
  "pk": 11,
  "fields": {
    "app_label": "busturistico",
    "model": "estadoviaje"
  }
},
{
  "model": "contenttypes.contenttype",
  "pk": 12,
  "fields": {
    "app_label": "busturistico",
    "model": "parada"
  }
},
{
  "model": "contenttypes.contenttype",
  "pk": 13,
  "fields": {
    "app_label": "busturistico",
    "model": "recorrido"
  }
},
{
  "model": "contenttypes.contenttype",
  "pk": 14,
  "fields": {
    "app_label": "busturistico",
    "model": "chofer"
  }
},
{
  "model": "contenttypes.contenttype",
  "pk": 15,
  "fields": {
    "app_label": "busturistico",
    "model": "estadobushistorial"
  }
},
{
  "model": "contenttypes.contenttype",
  "pk": 16,
  "fields": {
    "app_label": "busturistico",
    "model": "viaje"
  }
},
{
  "model": "contenttypes.contenttype",
  "pk": 17,
  "fields": {
    "app_label": "busturistico",
    "model": "ubicacioncolectivo"
  }
},
{
  "model": "contenttypes.contenttype",
  "pk": 18,
  "fields": {
    "app_label": "busturistico",
    "model": "historialestadoviaje"
  }
},
{
  "model": "contenttypes.contenttype",
  "pk": 19,
  "fields": {
    "app_label": "busturistico",
    "model": "paradaatractivo"
  }
},
{
  "model": "contenttypes.contenttype",
  "pk": 20,
  "fields": {
    "app_label": "busturistico",
    "model": "recorridoparada"
  }
},
{
  "model": "contenttypes.contenttype",
  "pk": 21,
  "fields": {
    "app_label": "busturistico",
    "model": "precio"
  }
},
{
  "model": "contenttypes.contenttype",
  "pk": 22,
  "fields": {
    "app_label": "busturistico",
    "model": "traduccion"
  }
},
{
  "model": "contenttypes.contenttype",
  "pk": 23,
  "fields": {
    "app_label": "busturistico",
    "model": "reserva"
  }
},
{
  "model": "sessions.session",
  "pk": "nlit8sqr9x7losxdad7nv4ttrkt3mb8l",
  "fields": {
    "session_data": ".eJxVjksOwjAMRO-SNYoau2oIS_acoXJim4ZPIzXtCnF3iNQFbOfNPM3LjLSt07hVWcbM5mScOfxmkdJd5gb4RvO12FTmdcnRtordabWXwvI4790_wUR1-q4lIjkJioODGJB7AA2d-qQEHhUoqqjjzqcjwiAu-D6gMBINGBjaq8y5PKm5qnl_ACgXPGk:1v5lIl:6p6DEBSa3HeqYizfFuUoDjOoiFOryXInSfV3qJ4Z-KI",
    "expire_date": "2025-10-20T13:30:55.335Z"
  }
},
{
  "model": "sessions.session",
  "pk": "pryclclw00stk51279wvjj93usall13q",
  "fields": {
    "session_data": ".eJxVjEEOwiAQRe_C2pCBMiAu3XuGZmBGqRpISrsy3l2bdKHb_977LzXSupRx7TKPE6uTMurwuyXKD6kb4DvVW9O51WWekt4UvdOuL43led7dv4NCvXxr9MgZI0bvPAAH6yXA1R3BBSOECW12EtEN4GWIBIEsG0SxRgQhi3p_AK-1NuI:1vDBuO:bVs4PYfrAnH1WrodHD8hAZGHGKRPXQ4icCT3k6vuOVk",
    "expire_date": "2025-11-10T01:20:28.407Z"
  }
},
{
  "model": "busturistico.recorrido",
  "pk": 1,
  "fields": {
    "color_recorrido": "Verde",
    "duracion_aproximada_recorrido": "02:30:00",
    "descripcion_recorrido": "Circuito norte de CABA con conexiones en parques y museos. Ideal para combinar naturaleza y cultura.",
    "foto_recorrido": "recorridos/verde_KJ1FwrR.jpg"
  }
},
{
  "model": "busturistico.recorrido",
  "pk": 2,
  "fields": {
    "color_recorrido": "Rojo",
    "duracion_aproximada_recorrido": "02:00:00",
    "descripcion_recorrido": "Recorrido rojo que enlaza Palermo, Recoleta, Retiro y el casco histórico con paradas en MALBA, Planetario, Jardín Japonés, Bellas Artes, Recoleta, Plaza de Mayo, San Telmo y Puerto Madero.",
    "foto_recorrido": "recorridos/rojo_bAyKJXK.jpg"
  }
},
{
  "model": "busturistico.parada",
  "pk": 1,
  "fields": {
    "nombre_parada": "MALBA (Conexión)",
    "direccion_parada": "Av. Pres. Figueroa Alcorta 3415, Palermo",
    "descripcion_parada": "Museo de Arte Latinoamericano de Buenos Aires. Punto de conexión.",
    "foto_parada": "paradas/01_ft1.jpg",
    "latitud_parada": -34.57732011764099,
    "longitud_parada": -58.40366662692628
  }
},
{
  "model": "busturistico.parada",
  "pk": 2,
  "fields": {
    "nombre_parada": "Planetario",
    "direccion_parada": "Av. Sarmiento y Belisario Roldán, Palermo",
    "descripcion_parada": "Planetario Galileo Galilei y Parque Tres de Febrero.",
    "foto_parada": "paradas/02_ft1.jpg",
    "latitud_parada": -34.57097823574259,
    "longitud_parada": -58.41157735841595
  }
},
{
  "model": "busturistico.parada",
  "pk": 3,
  "fields": {
    "nombre_parada": "Club de Pescadores",
    "direccion_parada": "Av. Costanera Rafael Obligado 5470, Costanera Norte",
    "descripcion_parada": "Muelle histórico sobre el Río de la Plata.",
    "foto_parada": "paradas/03_ft3.jpg",
    "latitud_parada": -34.563442603494124,
    "longitud_parada": -58.40433238869396
  }
},
{
  "model": "busturistico.parada",
  "pk": 4,
  "fields": {
    "nombre_parada": "Parque de la Memoria",
    "direccion_parada": "Av. Costanera Rafael Obligado 6745, Costanera Norte",
    "descripcion_parada": "Espacio público de homenaje y arte contemporáneo.",
    "foto_parada": "paradas/parada04.webp",
    "latitud_parada": -34.54264,
    "longitud_parada": -58.435527
  }
},
{
  "model": "busturistico.parada",
  "pk": 5,
  "fields": {
    "nombre_parada": "El Monumental",
    "direccion_parada": "Av. Pres. Figueroa Alcorta 7597, Núñez",
    "descripcion_parada": "Estadio Mâs Monumental (River Plate).",
    "foto_parada": "paradas/parada05.webp",
    "latitud_parada": -34.54630291291497,
    "longitud_parada": -58.45128968434523
  }
},
{
  "model": "busturistico.parada",
  "pk": 6,
  "fields": {
    "nombre_parada": "Belgrano Barrio Chino",
    "direccion_parada": "Arribeños 2100, Belgrano C",
    "descripcion_parada": "Pórtico y galerías gastronómicas del Barrio Chino.",
    "foto_parada": "paradas/parada06.jpg",
    "latitud_parada": -34.5566043340473,
    "longitud_parada": -58.4498957463885
  }
},
{
  "model": "busturistico.parada",
  "pk": 7,
  "fields": {
    "nombre_parada": "Campo Argentino de Polo",
    "direccion_parada": "Av. del Libertador y Dorrego, Palermo",
    "descripcion_parada": "Estadio de polo y eventos; cerca de Hipódromo y Bosques.",
    "foto_parada": "paradas/parada07.jpg",
    "latitud_parada": -34.570857550552546,
    "longitud_parada": -58.42467113029715
  }
},
{
  "model": "busturistico.parada",
  "pk": 8,
  "fields": {
    "nombre_parada": "Bosques de Palermo (Conexión)",
    "direccion_parada": "Av. Pedro Montt s/n (Rosedal), Palermo",
    "descripcion_parada": "Rosedal y lagos de Palermo. Punto de conexión.",
    "foto_parada": "paradas/parada08.jpg",
    "latitud_parada": -34.574009301472465,
    "longitud_parada": -58.41643677243074
  }
},
{
  "model": "busturistico.parada",
  "pk": 9,
  "fields": {
    "nombre_parada": "Distrito Arcos II",
    "direccion_parada": "Paraguay 4979, Palermo",
    "descripcion_parada": "Paseo de compras a cielo abierto (outlet premium).",
    "foto_parada": "paradas/parada09.avif",
    "latitud_parada": -34.58193030544014,
    "longitud_parada": -58.42803376185722
  }
},
{
  "model": "busturistico.parada",
  "pk": 10,
  "fields": {
    "nombre_parada": "Palermo Soho II",
    "direccion_parada": "Plazoleta Julio Cortázar (Honduras y Borges), Palermo",
    "descripcion_parada": "Corazón de Palermo Soho: diseño, cafés y ferias.",
    "foto_parada": "paradas/parada10.jpg",
    "latitud_parada": -34.58893245868958,
    "longitud_parada": -58.4300691808661
  }
},
{
  "model": "busturistico.parada",
  "pk": 11,
  "fields": {
    "nombre_parada": "Monumento a los Españoles (Conexión)",
    "direccion_parada": "Av. del Libertador y Av. Sarmiento, Palermo",
    "descripcion_parada": "Monumento de los Españoles (La Carta Magna). Punto de conexión.",
    "foto_parada": "paradas/parada11.jpg",
    "latitud_parada": -34.57554739144023,
    "longitud_parada": -58.41532238084112
  }
},
{
  "model": "busturistico.parada",
  "pk": 12,
  "fields": {
    "nombre_parada": "MALBA (Conexión)",
    "direccion_parada": "Av. Pres. Figueroa Alcorta 3415, Palermo",
    "descripcion_parada": "Museo de Arte Latinoamericano de Buenos Aires. Punto de conexión.",
    "foto_parada": "paradas/01_ft1.jpg",
    "latitud_parada": -34.57732011764099,
    "longitud_parada": -58.40366662692628
  }
},
{
  "model": "busturistico.parada",
  "pk": 13,
  "fields": {
    "nombre_parada": "Planetario",
    "direccion_parada": "Av. Sarmiento y Belisario Roldán, Palermo",
    "descripcion_parada": "Planetario Galileo Galilei y Parque Tres de Febrero.",
    "foto_parada": "paradas/02_ft1.jpg",
    "latitud_parada": -34.57097823574259,
    "longitud_parada": -58.41157735841595
  }
},
{
  "model": "busturistico.parada",
  "pk": 14,
  "fields": {
    "nombre_parada": "Jardín Japonés",
    "direccion_parada": "Av. Casares 2966, Palermo",
    "descripcion_parada": "Jardín tradicional con puentes, estanques y casa de té.",
    "foto_parada": "paradas/parada_3_rojo.jpg",
    "latitud_parada": -34.57412306633003,
    "longitud_parada": -58.40914882706416
  }
},
{
  "model": "busturistico.parada",
  "pk": 15,
  "fields": {
    "nombre_parada": "Museo Nacional de Bellas Artes",
    "direccion_parada": "Av. del Libertador 1473, Recoleta",
    "descripcion_parada": "Colección de arte argentino y europeo de referencia.",
    "foto_parada": "paradas/parada_4_rojo.jpg",
    "latitud_parada": -34.584514100612104,
    "longitud_parada": -58.39127977531119
  }
},
{
  "model": "busturistico.parada",
  "pk": 16,
  "fields": {
    "nombre_parada": "Cementerio de la Recoleta",
    "direccion_parada": "Junín 1760, Recoleta",
    "descripcion_parada": "Mausoleos históricos y esculturas notables.",
    "foto_parada": "paradas/parada_5_rojo.jpg",
    "latitud_parada": -34.58674367985498,
    "longitud_parada": -58.39560839407155
  }
},
{
  "model": "busturistico.parada",
  "pk": 17,
  "fields": {
    "nombre_parada": "Plaza San Martín",
    "direccion_parada": "Av. Santa Fe y Maipú, Retiro",
    "descripcion_parada": "Parque con monumento a San Martín y arquitectura emblemática.",
    "foto_parada": "paradas/parada_6_rojo.jpg",
    "latitud_parada": -34.596011959319846,
    "longitud_parada": -58.37668942670905
  }
},
{
  "model": "busturistico.parada",
  "pk": 18,
  "fields": {
    "nombre_parada": "Plaza de Mayo",
    "direccion_parada": "Balcarce e/ Rivadavia e Hipólito Yrigoyen, Monserrat",
    "descripcion_parada": "Centro histórico frente a la Casa Rosada.",
    "foto_parada": "paradas/parada_7_rojo.jpg",
    "latitud_parada": -34.607893852611625,
    "longitud_parada": -58.37197451107016
  }
},
{
  "model": "busturistico.parada",
  "pk": 19,
  "fields": {
    "nombre_parada": "Bosques de Palermo (Conexión)",
    "direccion_parada": "Av. Pedro Montt s/n (Rosedal), Palermo",
    "descripcion_parada": "Rosedal y lagos de Palermo. Punto de conexión.",
    "foto_parada": "paradas/parada08.jpg",
    "latitud_parada": -34.574009301472465,
    "longitud_parada": -58.41643677243074
  }
},
{
  "model": "busturistico.parada",
  "pk": 20,
  "fields": {
    "nombre_parada": "San Telmo",
    "direccion_parada": "Defensa y Humberto 1°, San Telmo",
    "descripcion_parada": "Barrio bohemio con ferias, tango y arte urbano.",
    "foto_parada": "paradas/parada_9_rojo.jpg",
    "latitud_parada": -34.62581485240804,
    "longitud_parada": -58.36797722481578
  }
},
{
  "model": "busturistico.parada",
  "pk": 21,
  "fields": {
    "nombre_parada": "Puerto Madero",
    "direccion_parada": "Dique 1, frente al Puente de la Mujer",
    "descripcion_parada": "Área moderna con gastronomía y vistas al río.",
    "foto_parada": "paradas/parada_10_rojo.jpg",
    "latitud_parada": -34.612492138618066,
    "longitud_parada": -58.36726062330023
  }
},
{
  "model": "busturistico.parada",
  "pk": 22,
  "fields": {
    "nombre_parada": "Monumento a los Españoles (Conexión)",
    "direccion_parada": "Av. del Libertador y Av. Sarmiento, Palermo",
    "descripcion_parada": "Monumento de los Españoles (La Carta Magna). Punto de conexión.",
    "foto_parada": "paradas/parada11.jpg",
    "latitud_parada": -34.57554739144023,
    "longitud_parada": -58.41532238084112
  }
},
{
  "model": "busturistico.recorridoparada",
  "pk": 1,
  "fields": {
    "recorrido": 1,
    "parada": 1,
    "orden": 1
  }
},
{
  "model": "busturistico.recorridoparada",
  "pk": 2,
  "fields": {
    "recorrido": 1,
    "parada": 2,
    "orden": 2
  }
},
{
  "model": "busturistico.recorridoparada",
  "pk": 3,
  "fields": {
    "recorrido": 1,
    "parada": 3,
    "orden": 3
  }
},
{
  "model": "busturistico.recorridoparada",
  "pk": 4,
  "fields": {
    "recorrido": 1,
    "parada": 4,
    "orden": 4
  }
},
{
  "model": "busturistico.recorridoparada",
  "pk": 5,
  "fields": {
    "recorrido": 1,
    "parada": 5,
    "orden": 5
  }
},
{
  "model": "busturistico.recorridoparada",
  "pk": 6,
  "fields": {
    "recorrido": 1,
    "parada": 6,
    "orden": 6
  }
},
{
  "model": "busturistico.recorridoparada",
  "pk": 7,
  "fields": {
    "recorrido": 1,
    "parada": 7,
    "orden": 7
  }
},
{
  "model": "busturistico.recorridoparada",
  "pk": 8,
  "fields": {
    "recorrido": 1,
    "parada": 8,
    "orden": 8
  }
},
{
  "model": "busturistico.recorridoparada",
  "pk": 9,
  "fields": {
    "recorrido": 1,
    "parada": 9,
    "orden": 9
  }
},
{
  "model": "busturistico.recorridoparada",
  "pk": 10,
  "fields": {
    "recorrido": 1,
    "parada": 10,
    "orden": 10
  }
},
{
  "model": "busturistico.recorridoparada",
  "pk": 11,
  "fields": {
    "recorrido": 1,
    "parada": 11,
    "orden": 11
  }
},
{
  "model": "busturistico.recorridoparada",
  "pk": 12,
  "fields": {
    "recorrido": 2,
    "parada": 12,
    "orden": 1
  }
},
{
  "model": "busturistico.recorridoparada",
  "pk": 13,
  "fields": {
    "recorrido": 2,
    "parada": 13,
    "orden": 2
  }
},
{
  "model": "busturistico.recorridoparada",
  "pk": 14,
  "fields": {
    "recorrido": 2,
    "parada": 14,
    "orden": 3
  }
},
{
  "model": "busturistico.recorridoparada",
  "pk": 15,
  "fields": {
    "recorrido": 2,
    "parada": 15,
    "orden": 4
  }
},
{
  "model": "busturistico.recorridoparada",
  "pk": 16,
  "fields": {
    "recorrido": 2,
    "parada": 16,
    "orden": 5
  }
},
{
  "model": "busturistico.recorridoparada",
  "pk": 17,
  "fields": {
    "recorrido": 2,
    "parada": 17,
    "orden": 6
  }
},
{
  "model": "busturistico.recorridoparada",
  "pk": 18,
  "fields": {
    "recorrido": 2,
    "parada": 18,
    "orden": 7
  }
},
{
  "model": "busturistico.recorridoparada",
  "pk": 19,
  "fields": {
    "recorrido": 2,
    "parada": 19,
    "orden": 8
  }
},
{
  "model": "busturistico.recorridoparada",
  "pk": 20,
  "fields": {
    "recorrido": 2,
    "parada": 20,
    "orden": 9
  }
},
{
  "model": "busturistico.recorridoparada",
  "pk": 21,
  "fields": {
    "recorrido": 2,
    "parada": 21,
    "orden": 10
  }
},
{
  "model": "busturistico.recorridoparada",
  "pk": 22,
  "fields": {
    "recorrido": 2,
    "parada": 22,
    "orden": 11
  }
},
{
  "model": "busturistico.atractivo",
  "pk": 1,
  "fields": {
    "nombre_atractivo": "MALBA",
    "calificacion_estrellas": 5,
    "descripcion_atractivo": "Museo de Arte Latinoamericano de Buenos Aires.",
    "latitud_atractivo": -34.5889,
    "longitud_atractivo": -58.4039,
    "foto_atractivo": ""
  }
},
{
  "model": "busturistico.atractivo",
  "pk": 2,
  "fields": {
    "nombre_atractivo": "Planetario Galileo Galilei",
    "calificacion_estrellas": 5,
    "descripcion_atractivo": "Cúpula y shows astronómicos en el Parque Tres de Febrero.",
    "latitud_atractivo": -34.5725,
    "longitud_atractivo": -58.4116,
    "foto_atractivo": ""
  }
},
{
  "model": "busturistico.atractivo",
  "pk": 3,
  "fields": {
    "nombre_atractivo": "Club de Pescadores",
    "calificacion_estrellas": 4,
    "descripcion_atractivo": "Muelle histórico sobre el río.",
    "latitud_atractivo": -34.5555,
    "longitud_atractivo": -58.4069,
    "foto_atractivo": ""
  }
},
{
  "model": "busturistico.atractivo",
  "pk": 4,
  "fields": {
    "nombre_atractivo": "Parque de la Memoria",
    "calificacion_estrellas": 5,
    "descripcion_atractivo": "Espacio de memoria y esculturas al aire libre.",
    "latitud_atractivo": -34.5432,
    "longitud_atractivo": -58.4336,
    "foto_atractivo": ""
  }
},
{
  "model": "busturistico.atractivo",
  "pk": 5,
  "fields": {
    "nombre_atractivo": "Estadio Mâs Monumental",
    "calificacion_estrellas": 5,
    "descripcion_atractivo": "Estadio del Club Atlético River Plate.",
    "latitud_atractivo": -34.5453,
    "longitud_atractivo": -58.4492,
    "foto_atractivo": ""
  }
},
{
  "model": "busturistico.atractivo",
  "pk": 6,
  "fields": {
    "nombre_atractivo": "Barrio Chino",
    "calificacion_estrellas": 4,
    "descripcion_atractivo": "Zona gastronómica y comercial de cultura china.",
    "latitud_atractivo": -34.5617,
    "longitud_atractivo": -58.4448,
    "foto_atractivo": ""
  }
},
{
  "model": "busturistico.atractivo",
  "pk": 7,
  "fields": {
    "nombre_atractivo": "Campo Argentino de Polo",
    "calificacion_estrellas": 4,
    "descripcion_atractivo": "Histórico estadio de polo y sede de eventos.",
    "latitud_atractivo": -34.5729,
    "longitud_atractivo": -58.4355,
    "foto_atractivo": ""
  }
},
{
  "model": "busturistico.atractivo",
  "pk": 8,
  "fields": {
    "nombre_atractivo": "Bosques de Palermo (Rosedal)",
    "calificacion_estrellas": 5,
    "descripcion_atractivo": "Jardines, lagos y el clásico Rosedal.",
    "latitud_atractivo": -34.569,
    "longitud_atractivo": -58.4217,
    "foto_atractivo": ""
  }
},
{
  "model": "busturistico.atractivo",
  "pk": 9,
  "fields": {
    "nombre_atractivo": "Distrito Arcos",
    "calificacion_estrellas": 4,
    "descripcion_atractivo": "Outlet a cielo abierto en antiguos arcos del ferrocarril.",
    "latitud_atractivo": -34.5779,
    "longitud_atractivo": -58.4307,
    "foto_atractivo": ""
  }
},
{
  "model": "busturistico.atractivo",
  "pk": 10,
  "fields": {
    "nombre_atractivo": "Palermo Soho",
    "calificacion_estrellas": 4,
    "descripcion_atractivo": "Barrio de diseño, gastronomía y ferias.",
    "latitud_atractivo": -34.5874,
    "longitud_atractivo": -58.4306,
    "foto_atractivo": ""
  }
},
{
  "model": "busturistico.atractivo",
  "pk": 11,
  "fields": {
    "nombre_atractivo": "Monumento a los Españoles",
    "calificacion_estrellas": 5,
    "descripcion_atractivo": "Monumento La Carta Magna y las cuatro regiones argentinas.",
    "latitud_atractivo": -34.5717,
    "longitud_atractivo": -58.411,
    "foto_atractivo": ""
  }
},
{
  "model": "busturistico.atractivo",
  "pk": 12,
  "fields": {
    "nombre_atractivo": "Jardín Japonés",
    "calificacion_estrellas": 5,
    "descripcion_atractivo": "Puentes, estanques con carpas koi y casa de té tradicional.",
    "latitud_atractivo": -34.568521,
    "longitud_atractivo": -58.406604,
    "foto_atractivo": ""
  }
},
{
  "model": "busturistico.atractivo",
  "pk": 13,
  "fields": {
    "nombre_atractivo": "Museo Nacional de Bellas Artes",
    "calificacion_estrellas": 5,
    "descripcion_atractivo": "Colección de arte argentino y europeo de referencia.",
    "latitud_atractivo": -34.583249,
    "longitud_atractivo": -58.392945,
    "foto_atractivo": ""
  }
},
{
  "model": "busturistico.atractivo",
  "pk": 14,
  "fields": {
    "nombre_atractivo": "Cementerio de la Recoleta",
    "calificacion_estrellas": 5,
    "descripcion_atractivo": "Mausoleos históricos, esculturas y recorridos patrimoniales.",
    "latitud_atractivo": -34.588165,
    "longitud_atractivo": -58.392083,
    "foto_atractivo": ""
  }
},
{
  "model": "busturistico.atractivo",
  "pk": 15,
  "fields": {
    "nombre_atractivo": "Plaza San Martín",
    "calificacion_estrellas": 4,
    "descripcion_atractivo": "Parque urbano con monumento al Libertador y edificios emblemáticos.",
    "latitud_atractivo": -34.594846,
    "longitud_atractivo": -58.377445,
    "foto_atractivo": ""
  }
},
{
  "model": "busturistico.atractivo",
  "pk": 16,
  "fields": {
    "nombre_atractivo": "Plaza de Mayo",
    "calificacion_estrellas": 5,
    "descripcion_atractivo": "Centro histórico-político frente a la Casa Rosada y el Cabildo.",
    "latitud_atractivo": -34.6083,
    "longitud_atractivo": -58.3712,
    "foto_atractivo": ""
  }
},
{
  "model": "busturistico.atractivo",
  "pk": 17,
  "fields": {
    "nombre_atractivo": "San Telmo",
    "calificacion_estrellas": 5,
    "descripcion_atractivo": "Barrio bohemio con ferias de antigüedades, tango y arte urbano.",
    "latitud_atractivo": -34.621326,
    "longitud_atractivo": -58.373158,
    "foto_atractivo": ""
  }
},
{
  "model": "busturistico.atractivo",
  "pk": 18,
  "fields": {
    "nombre_atractivo": "Puerto Madero",
    "calificacion_estrellas": 5,
    "descripcion_atractivo": "Paseo moderno con diques, gastronomía y el Puente de la Mujer.",
    "latitud_atractivo": -34.608784,
    "longitud_atractivo": -58.36421,
    "foto_atractivo": ""
  }
},
{
  "model": "busturistico.paradaatractivo",
  "pk": 1,
  "fields": {
    "parada": 1,
    "atractivo": 1
  }
},
{
  "model": "busturistico.paradaatractivo",
  "pk": 2,
  "fields": {
    "parada": 2,
    "atractivo": 2
  }
},
{
  "model": "busturistico.paradaatractivo",
  "pk": 3,
  "fields": {
    "parada": 3,
    "atractivo": 3
  }
},
{
  "model": "busturistico.paradaatractivo",
  "pk": 4,
  "fields": {
    "parada": 4,
    "atractivo": 4
  }
},
{
  "model": "busturistico.paradaatractivo",
  "pk": 5,
  "fields": {
    "parada": 5,
    "atractivo": 5
  }
},
{
  "model": "busturistico.paradaatractivo",
  "pk": 6,
  "fields": {
    "parada": 6,
    "atractivo": 6
  }
},
{
  "model": "busturistico.paradaatractivo",
  "pk": 7,
  "fields": {
    "parada": 7,
    "atractivo": 7
  }
},
{
  "model": "busturistico.paradaatractivo",
  "pk": 8,
  "fields": {
    "parada": 8,
    "atractivo": 8
  }
},
{
  "model": "busturistico.paradaatractivo",
  "pk": 9,
  "fields": {
    "parada": 9,
    "atractivo": 9
  }
},
{
  "model": "busturistico.paradaatractivo",
  "pk": 10,
  "fields": {
    "parada": 10,
    "atractivo": 10
  }
},
{
  "model": "busturistico.paradaatractivo",
  "pk": 11,
  "fields": {
    "parada": 11,
    "atractivo": 11
  }
},
{
  "model": "busturistico.paradaatractivo",
  "pk": 12,
  "fields": {
    "parada": 12,
    "atractivo": 1
  }
},
{
  "model": "busturistico.paradaatractivo",
  "pk": 13,
  "fields": {
    "parada": 13,
    "atractivo": 2
  }
},
{
  "model": "busturistico.paradaatractivo",
  "pk": 14,
  "fields": {
    "parada": 14,
    "atractivo": 12
  }
},
{
  "model": "busturistico.paradaatractivo",
  "pk": 15,
  "fields": {
    "parada": 15,
    "atractivo": 13
  }
},
{
  "model": "busturistico.paradaatractivo",
  "pk": 16,
  "fields": {
    "parada": 16,
    "atractivo": 14
  }
},
{
  "model": "busturistico.paradaatractivo",
  "pk": 17,
  "fields": {
    "parada": 17,
    "atractivo": 15
  }
},
{
  "model": "busturistico.paradaatractivo",
  "pk": 18,
  "fields": {
    "parada": 18,
    "atractivo": 16
  }
},
{
  "model": "busturistico.paradaatractivo",
  "pk": 19,
  "fields": {
    "parada": 19,
    "atractivo": 8
  }
},
{
  "model": "busturistico.paradaatractivo",
  "pk": 20,
  "fields": {
    "parada": 20,
    "atractivo": 17
  }
},
{
  "model": "busturistico.paradaatractivo",
  "pk": 21,
  "fields": {
    "parada": 21,
    "atractivo": 18
  }
},
{
  "model": "busturistico.paradaatractivo",
  "pk": 22,
  "fields": {
    "parada": 22,
    "atractivo": 11
  }
},
{
  "model": "busturistico.bus",
  "pk": "AA123BB",
  "fields": {
    "numero_unidad": 1,
    "fecha_compra": "2022-03-10T10:00:00Z"
  }
},
{
  "model": "busturistico.bus",
  "pk": "AC456CD",
  "fields": {
    "numero_unidad": 2,
    "fecha_compra": "2021-11-05T12:30:00Z"
  }
},
{
  "model": "busturistico.bus",
  "pk": "AE789EF",
  "fields": {
    "numero_unidad": 3,
    "fecha_compra": "2023-01-18T09:15:00Z"
  }
},
{
  "model": "busturistico.bus",
  "pk": "AG012GH",
  "fields": {
    "numero_unidad": 4,
    "fecha_compra": "2020-07-22T16:45:00Z"
  }
},
{
  "model": "busturistico.bus",
  "pk": "AI345IJ",
  "fields": {
    "numero_unidad": 5,
    "fecha_compra": "2024-04-02T08:20:00Z"
  }
},
{
  "model": "busturistico.chofer",
  "pk": 1,
  "fields": {
    "user": 2,
    "nombre_chofer": "Juan",
    "apellido_chofer": "Pérez",
    "legajo_chofer": "3012",
    "dni_chofer": 30123456,
    "telefono": "+54-11-5555-0101",
    "fecha_ingreso": "2021-05-10",
    "activo": true
  }
},
{
  "model": "busturistico.chofer",
  "pk": 2,
  "fields": {
    "user": 3,
    "nombre_chofer": "María",
    "apellido_chofer": "López",
    "legajo_chofer": "3222",
    "dni_chofer": 32222333,
    "telefono": "+54-11-5555-0202",
    "fecha_ingreso": "2020-09-15",
    "activo": true
  }
},
{
  "model": "busturistico.chofer",
  "pk": 3,
  "fields": {
    "user": 4,
    "nombre_chofer": "Carlos",
    "apellido_chofer": "Gómez",
    "legajo_chofer": "2845",
    "dni_chofer": 28456789,
    "telefono": "+54-11-5555-0303",
    "fecha_ingreso": "2019-11-22",
    "activo": true
  }
},
{
  "model": "busturistico.chofer",
  "pk": 4,
  "fields": {
    "user": 5,
    "nombre_chofer": "Lucía",
    "apellido_chofer": "Fernández",
    "legajo_chofer": "3311",
    "dni_chofer": 33111222,
    "telefono": "+54-11-5555-0404",
    "fecha_ingreso": "2022-01-05",
    "activo": true
  }
},
{
  "model": "busturistico.chofer",
  "pk": 5,
  "fields": {
    "user": 6,
    "nombre_chofer": "Sofía",
    "apellido_chofer": "Martínez",
    "legajo_chofer": "3455",
    "dni_chofer": 34555999,
    "telefono": "+54-11-5555-0505",
    "fecha_ingreso": "2023-03-18",
    "activo": true
  }
},
{
  "model": "busturistico.chofer",
  "pk": 6,
  "fields": {
    "user": 7,
    "nombre_chofer": "Tomas",
    "apellido_chofer": "Núñez",
    "legajo_chofer": "4860",
    "dni_chofer": 48600677,
    "telefono": "+5493517881719",
    "fecha_ingreso": "2023-03-18",
    "activo": true
  }
},
{
  "model": "busturistico.estadoviaje",
  "pk": 1,
  "fields": {
    "nombre_estado": "Programado",
    "descripcion_estado": "Viaje programado"
  }
},
{
  "model": "busturistico.estadoviaje",
  "pk": 2,
  "fields": {
    "nombre_estado": "En curso",
    "descripcion_estado": "Viaje en curso"
  }
},
{
  "model": "busturistico.estadoviaje",
  "pk": 3,
  "fields": {
    "nombre_estado": "Completado",
    "descripcion_estado": "Viaje completado"
  }
},
{
  "model": "busturistico.viaje",
  "pk": 1,
  "fields": {
    "fecha_programada": "2025-10-20",
    "hora_inicio_programada": "12:30:00",
    "fecha_hora_inicio_real": "2025-10-20T14:52:12.081Z",
    "fecha_hora_fin_real": "2025-10-20T14:57:41.520Z",
    "demora_inicio_minutos": -37,
    "duracion_minutos_real": 5,
    "patente_bus": "AA123BB",
    "chofer": 1,
    "recorrido": 2
  }
},
{
  "model": "busturistico.ubicacioncolectivo",
  "pk": 1,
  "fields": {
    "latitud": -34.577396,
    "longitud": -58.403749,
    "timestamp_ubicacion": "2025-10-20T14:52:12.096Z",
    "viaje": 1
  }
},
{
  "model": "busturistico.ubicacioncolectivo",
  "pk": 2,
  "fields": {
    "latitud": -34.5773905,
    "longitud": -58.4037565,
    "timestamp_ubicacion": "2025-10-20T14:52:13.096Z",
    "viaje": 1
  }
},
{
  "model": "busturistico.ubicacioncolectivo",
  "pk": 3,
  "fields": {
    "latitud": -34.577385,
    "longitud": -58.403764,
    "timestamp_ubicacion": "2025-10-20T14:52:14.096Z",
    "viaje": 1
  }
},
{
  "model": "busturistico.ubicacioncolectivo",
  "pk": 4,
  "fields": {
    "latitud": -34.577331,
    "longitud": -58.4038325,
    "timestamp_ubicacion": "2025-10-20T14:52:15.346Z",
    "viaje": 1
  }
},
{
  "model": "busturistico.ubicacioncolectivo",
  "pk": 5,
  "fields": {
    "latitud": -34.577277,
    "longitud": -58.403901,
    "timestamp_ubicacion": "2025-10-20T14:52:16.596Z",
    "viaje": 1
  }
},
{
  "model": "busturistico.ubicacioncolectivo",
  "pk": 6,
  "fields": {
    "latitud": -34.57723478571429,
    "longitud": -58.40395828571428,
    "timestamp_ubicacion": "2025-10-20T14:52:17.610Z",
    "viaje": 1
  }
},
{
  "model": "busturistico.ubicacioncolectivo",
  "pk": 7,
  "fields": {
    "latitud": -34.577192571428576,
    "longitud": -58.404015571428566,
    "timestamp_ubicacion": "2025-10-20T14:52:18.624Z",
    "viaje": 1
  }
},
{
  "model": "busturistico.ubicacioncolectivo",
  "pk": 8,
  "fields": {
    "latitud": -34.57715035714286,
    "longitud": -58.40407285714286,
    "timestamp_ubicacion": "2025-10-20T14:52:19.637Z",
    "viaje": 1
  }
},
{
  "model": "busturistico.ubicacioncolectivo",
  "pk": 9,
  "fields": {
    "latitud": -34.57710814285714,
    "longitud": -58.40413014285714,
    "timestamp_ubicacion": "2025-10-20T14:52:20.651Z",
    "viaje": 1
  }
},
{
  "model": "busturistico.ubicacioncolectivo",
  "pk": 10,
  "fields": {
    "latitud": -34.57706592857143,
    "longitud": -58.404187428571426,
    "timestamp_ubicacion": "2025-10-20T14:52:21.664Z",
    "viaje": 1
  }
},
{
  "model": "busturistico.ubicacioncolectivo",
  "pk": 11,
  "fields": {
    "latitud": -34.577023714285716,
    "longitud": -58.40424471428571,
    "timestamp_ubicacion": "2025-10-20T14:52:22.678Z",
    "viaje": 1
  }
},
{
  "model": "busturistico.ubicacioncolectivo",
  "pk": 12,
  "fields": {
    "latitud": -34.5769815,
    "longitud": -58.404302,
    "timestamp_ubicacion": "2025-10-20T14:52:23.691Z",
    "viaje": 1
  }
},
{
  "model": "busturistico.ubicacioncolectivo",
  "pk": 13,
  "fields": {
    "latitud": -34.57693928571429,
    "longitud": -58.404359285714285,
    "timestamp_ubicacion": "2025-10-20T14:52:24.705Z",
    "viaje": 1
  }
},
{
  "model": "busturistico.ubicacioncolectivo",
  "pk": 14,
  "fields": {
    "latitud": -34.576897071428576,
    "longitud": -58.40441657142857,
    "timestamp_ubicacion": "2025-10-20T14:52:25.718Z",
    "viaje": 1
  }
},
{
  "model": "busturistico.ubicacioncolectivo",
  "pk": 15,
  "fields": {
    "latitud": -34.57685485714286,
    "longitud": -58.404473857142854,
    "timestamp_ubicacion": "2025-10-20T14:52:26.732Z",
    "viaje": 1
  }
},
{
  "model": "busturistico.ubicacioncolectivo",
  "pk": 16,
  "fields": {
    "latitud": -34.57681264285714,
    "longitud": -58.40453114285714,
    "timestamp_ubicacion": "2025-10-20T14:52:27.746Z",
    "viaje": 1
  }
},
{
  "model": "busturistico.ubicacioncolectivo",
  "pk": 17,
  "fields": {
    "latitud": -34.57677042857143,
    "longitud": -58.40458842857143,
    "timestamp_ubicacion": "2025-10-20T14:52:28.759Z",
    "viaje": 1
  }
},
{
  "model": "busturistico.ubicacioncolectivo",
  "pk": 18,
  "fields": {
    "latitud": -34.576728214285716,
    "longitud": -58.404645714285714,
    "timestamp_ubicacion": "2025-10-20T14:52:29.773Z",
    "viaje": 1
  }
},
{
  "model": "busturistico.ubicacioncolectivo",
  "pk": 19,
  "fields": {
    "latitud": -34.576686,
    "longitud": -58.404703,
    "timestamp_ubicacion": "2025-10-20T14:52:30.786Z",
    "viaje": 1
  }
},
{
  "model": "busturistico.ubicacioncolectivo",
  "pk": 20,
  "fields": {
    "latitud": -34.576648000000006,
    "longitud": -58.40475,
    "timestamp_ubicacion": "2025-10-20T14:52:31.786Z",
    "viaje": 1
  }
},
{
  "model": "busturistico.ubicacioncolectivo",
  "pk": 21,
  "fields": {
    "latitud": -34.57661,
    "longitud": -58.404797,
    "timestamp_ubicacion": "2025-10-20T14:52:32.786Z",
    "viaje": 1
  }
},
{
  "model": "busturistico.ubicacioncolectivo",
  "pk": 22,
  "fields": {
    "latitud": -34.576579,
    "longitud": -58.4048375,
    "timestamp_ubicacion": "2025-10-20T14:52:33.786Z",
    "viaje": 1
  }
},
{
  "model": "busturistico.ubicacioncolectivo",
  "pk": 23,
  "fields": {
    "latitud": -34.576548,
    "longitud": -58.404878,
    "timestamp_ubicacion": "2025-10-20T14:52:34.786Z",
    "viaje": 1
  }
},
{
  "model": "busturistico.ubicacioncolectivo",
  "pk": 24,
  "fields": {
    "latitud": -34.5765018,
    "longitud": -58.4049358,
    "timestamp_ubicacion": "2025-10-20T14:52:35.848Z",
    "viaje": 1
  }
},
{
  "model": "busturistico.ubicacioncolectivo",
  "pk": 25,
  "fields": {
    "latitud": -34.5764556,
    "longitud": -58.4049936,
    "timestamp_ubicacion": "2025-10-20T14:52:36.910Z",
    "viaje": 1
  }
},
{
  "model": "busturistico.ubicacioncolectivo",
  "pk": 26,
  "fields": {
    "latitud": -34.5764094,
    "longitud": -58.4050514,
    "timestamp_ubicacion": "2025-10-20T14:52:37.972Z",
    "viaje": 1
  }
},
{
  "model": "busturistico.ubicacioncolectivo",
  "pk": 27,
  "fields": {
    "latitud": -34.5763632,
    "longitud": -58.4051092,
    "timestamp_ubicacion": "2025-10-20T14:52:39.034Z",
    "viaje": 1
  }
},
{
  "model": "busturistico.ubicacioncolectivo",
  "pk": 28,
  "fields": {
    "latitud": -34.576317,
    "longitud": -58.405167,
    "timestamp_ubicacion": "2025-10-20T14:52:40.096Z",
    "viaje": 1
  }
},
{
  "model": "busturistico.ubicacioncolectivo",
  "pk": 29,
  "fields": {
    "latitud": -34.576305000000005,
    "longitud": -58.405181,
    "timestamp_ubicacion": "2025-10-20T14:52:41.096Z",
    "viaje": 1
  }
},
{
  "model": "busturistico.ubicacioncolectivo",
  "pk": 30,
  "fields": {
    "latitud": -34.576293,
    "longitud": -58.405195,
    "timestamp_ubicacion": "2025-10-20T14:52:42.096Z",
    "viaje": 1
  }
},
{
  "model": "busturistico.ubicacioncolectivo",
  "pk": 31,
  "fields": {
    "latitud": -34.576259,
    "longitud": -58.405236,
    "timestamp_ubicacion": "2025-10-20T14:52:43.096Z",
    "viaje": 1
  }
},
{
  "model": "busturistico.ubicacioncolectivo",
  "pk": 32,
  "fields": {
    "latitud": -34.576225,
    "longitud": -58.405277,
    "timestamp_ubicacion": "2025-10-20T14:52:44.096Z",
    "viaje": 1
  }
},
{
  "model": "busturistico.ubicacioncolectivo",
  "pk": 33,
  "fields": {
    "latitud": -34.57616975,
    "longitud": -58.4053435,
    "timestamp_ubicacion": "2025-10-20T14:52:45.342Z",
    "viaje": 1
  }
},
{
  "model": "busturistico.ubicacioncolectivo",
  "pk": 34,
  "fields": {
    "latitud": -34.5761145,
    "longitud": -58.40541,
    "timestamp_ubicacion": "2025-10-20T14:52:46.587Z",
    "viaje": 1
  }
},
{
  "model": "busturistico.ubicacioncolectivo",
  "pk": 35,
  "fields": {
    "latitud": -34.57605925,
    "longitud": -58.4054765,
    "timestamp_ubicacion": "2025-10-20T14:52:47.833Z",
    "viaje": 1
  }
},
{
  "model": "busturistico.ubicacioncolectivo",
  "pk": 36,
  "fields": {
    "latitud": -34.576004,
    "longitud": -58.405543,
    "timestamp_ubicacion": "2025-10-20T14:52:49.078Z",
    "viaje": 1
  }
},
{
  "model": "busturistico.ubicacioncolectivo",
  "pk": 37,
  "fields": {
    "latitud": -34.575952666666666,
    "longitud": -58.405604333333336,
    "timestamp_ubicacion": "2025-10-20T14:52:50.231Z",
    "viaje": 1
  }
},
{
  "model": "busturistico.ubicacioncolectivo",
  "pk": 38,
  "fields": {
    "latitud": -34.575901333333334,
    "longitud": -58.405665666666664,
    "timestamp_ubicacion": "2025-10-20T14:52:51.384Z",
    "viaje": 1
  }
},
{
  "model": "busturistico.ubicacioncolectivo",
  "pk": 39,
  "fields": {
    "latitud": -34.57585,
    "longitud": -58.405727,
    "timestamp_ubicacion": "2025-10-20T14:52:52.537Z",
    "viaje": 1
  }
},
{
  "model": "busturistico.ubicacioncolectivo",
  "pk": 40,
  "fields": {
    "latitud": -34.575819,
    "longitud": -58.405766,
    "timestamp_ubicacion": "2025-10-20T14:52:53.537Z",
    "viaje": 1
  }
},
{
  "model": "busturistico.ubicacioncolectivo",
  "pk": 41,
  "fields": {
    "latitud": -34.575788,
    "longitud": -58.405805,
    "timestamp_ubicacion": "2025-10-20T14:52:54.537Z",
    "viaje": 1
  }
},
{
  "model": "busturistico.ubicacioncolectivo",
  "pk": 42,
  "fields": {
    "latitud": -34.5757555,
    "longitud": -58.405851,
    "timestamp_ubicacion": "2025-10-20T14:52:55.537Z",
    "viaje": 1
  }
},
{
  "model": "busturistico.ubicacioncolectivo",
  "pk": 43,
  "fields": {
    "latitud": -34.575723,
    "longitud": -58.405897,
    "timestamp_ubicacion": "2025-10-20T14:52:56.537Z",
    "viaje": 1
  }
},
{
  "model": "busturistico.ubicacioncolectivo",
  "pk": 44,
  "fields": {
    "latitud": -34.57567433333334,
    "longitud": -58.405967000000004,
    "timestamp_ubicacion": "2025-10-20T14:52:57.745Z",
    "viaje": 1
  }
},
{
  "model": "busturistico.ubicacioncolectivo",
  "pk": 45,
  "fields": {
    "latitud": -34.57562566666667,
    "longitud": -58.406037,
    "timestamp_ubicacion": "2025-10-20T14:52:58.953Z",
    "viaje": 1
  }
},
{
  "model": "busturistico.ubicacioncolectivo",
  "pk": 46,
  "fields": {
    "latitud": -34.575577,
    "longitud": -58.406107,
    "timestamp_ubicacion": "2025-10-20T14:53:00.161Z",
    "viaje": 1
  }
},
{
  "model": "busturistico.ubicacioncolectivo",
  "pk": 47,
  "fields": {
    "latitud": -34.57553522222222,
    "longitud": -58.40616688888889,
    "timestamp_ubicacion": "2025-10-20T14:53:01.196Z",
    "viaje": 1
  }
},
{
  "model": "busturistico.ubicacioncolectivo",
  "pk": 48,
  "fields": {
    "latitud": -34.57549344444445,
    "longitud": -58.406226777777775,
    "timestamp_ubicacion": "2025-10-20T14:53:02.231Z",
    "viaje": 1
  }
},
{
  "model": "busturistico.ubicacioncolectivo",
  "pk": 49,
  "fields": {
    "latitud": -34.575451666666666,
    "longitud": -58.40628666666667,
    "timestamp_ubicacion": "2025-10-20T14:53:03.266Z",
    "viaje": 1
  }
},
{
  "model": "busturistico.ubicacioncolectivo",
  "pk": 50,
  "fields": {
    "latitud": -34.57540988888889,
    "longitud": -58.40634655555556,
    "timestamp_ubicacion": "2025-10-20T14:53:04.300Z",
    "viaje": 1
  }
},
{
  "model": "busturistico.ubicacioncolectivo",
  "pk": 51,
  "fields": {
    "latitud": -34.57536811111111,
    "longitud": -58.40640644444444,
    "timestamp_ubicacion": "2025-10-20T14:53:05.335Z",
    "viaje": 1
  }
},
{
  "model": "busturistico.ubicacioncolectivo",
  "pk": 52,
  "fields": {
    "latitud": -34.57532633333334,
    "longitud": -58.406466333333334,
    "timestamp_ubicacion": "2025-10-20T14:53:06.370Z",
    "viaje": 1
  }
},
{
  "model": "busturistico.ubicacioncolectivo",
  "pk": 53,
  "fields": {
    "latitud": -34.575284555555555,
    "longitud": -58.406526222222226,
    "timestamp_ubicacion": "2025-10-20T14:53:07.405Z",
    "viaje": 1
  }
},
{
  "model": "busturistico.ubicacioncolectivo",
  "pk": 54,
  "fields": {
    "latitud": -34.57524277777778,
    "longitud": -58.40658611111111,
    "timestamp_ubicacion": "2025-10-20T14:53:08.440Z",
    "viaje": 1
  }
},
{
  "model": "busturistico.ubicacioncolectivo",
  "pk": 55,
  "fields": {
    "latitud": -34.575201,
    "longitud": -58.406646,
    "timestamp_ubicacion": "2025-10-20T14:53:09.475Z",
    "viaje": 1
  }
},
{
  "model": "busturistico.ubicacioncolectivo",
  "pk": 56,
  "fields": {
    "latitud": -34.575198,
    "longitud": -58.4066505,
    "timestamp_ubicacion": "2025-10-20T14:53:10.475Z",
    "viaje": 1
  }
},
{
  "model": "busturistico.ubicacioncolectivo",
  "pk": 57,
  "fields": {
    "latitud": -34.575195,
    "longitud": -58.406655,
    "timestamp_ubicacion": "2025-10-20T14:53:11.475Z",
    "viaje": 1
  }
},
{
  "model": "busturistico.ubicacioncolectivo",
  "pk": 58,
  "fields": {
    "latitud": -34.57514466666667,
    "longitud": -58.40672466666667,
    "timestamp_ubicacion": "2025-10-20T14:53:12.697Z",
    "viaje": 1
  }
},
{
  "model": "busturistico.ubicacioncolectivo",
  "pk": 59,
  "fields": {
    "latitud": -34.57509433333333,
    "longitud": -58.40679433333333,
    "timestamp_ubicacion": "2025-10-20T14:53:13.919Z",
    "viaje": 1
  }
},
{
  "model": "busturistico.ubicacioncolectivo",
  "pk": 60,
  "fields": {
    "latitud": -34.575044,
    "longitud": -58.406864,
    "timestamp_ubicacion": "2025-10-20T14:53:15.141Z",
    "viaje": 1
  }
},
{
  "model": "busturistico.ubicacioncolectivo",
  "pk": 61,
  "fields": {
    "latitud": -34.575001666666665,
    "longitud": -58.406923666666664,
    "timestamp_ubicacion": "2025-10-20T14:53:16.179Z",
    "viaje": 1
  }
},
{
  "model": "busturistico.ubicacioncolectivo",
  "pk": 62,
  "fields": {
    "latitud": -34.57495933333333,
    "longitud": -58.406983333333336,
    "timestamp_ubicacion": "2025-10-20T14:53:17.217Z",
    "viaje": 1
  }
},
{
  "model": "busturistico.ubicacioncolectivo",
  "pk": 63,
  "fields": {
    "latitud": -34.574917,
    "longitud": -58.407043,
    "timestamp_ubicacion": "2025-10-20T14:53:18.256Z",
    "viaje": 1
  }
},
{
  "model": "busturistico.ubicacioncolectivo",
  "pk": 64,
  "fields": {
    "latitud": -34.5748696,
    "longitud": -58.4071066,
    "timestamp_ubicacion": "2025-10-20T14:53:19.387Z",
    "viaje": 1
  }
},
{
  "model": "busturistico.ubicacioncolectivo",
  "pk": 65,
  "fields": {
    "latitud": -34.5748222,
    "longitud": -58.4071702,
    "timestamp_ubicacion": "2025-10-20T14:53:20.518Z",
    "viaje": 1
  }
},
{
  "model": "busturistico.ubicacioncolectivo",
  "pk": 66,
  "fields": {
    "latitud": -34.5747748,
    "longitud": -58.4072338,
    "timestamp_ubicacion": "2025-10-20T14:53:21.649Z",
    "viaje": 1
  }
},
{
  "model": "busturistico.ubicacioncolectivo",
  "pk": 67,
  "fields": {
    "latitud": -34.5747274,
    "longitud": -58.407297400000004,
    "timestamp_ubicacion": "2025-10-20T14:53:22.780Z",
    "viaje": 1
  }
},
{
  "model": "busturistico.ubicacioncolectivo",
  "pk": 68,
  "fields": {
    "latitud": -34.57468,
    "longitud": -58.407361,
    "timestamp_ubicacion": "2025-10-20T14:53:23.911Z",
    "viaje": 1
  }
},
{
  "model": "busturistico.ubicacioncolectivo",
  "pk": 69,
  "fields": {
    "latitud": -34.57464,
    "longitud": -58.407417,
    "timestamp_ubicacion": "2025-10-20T14:53:24.911Z",
    "viaje": 1
  }
},
{
  "model": "busturistico.ubicacioncolectivo",
  "pk": 70,
  "fields": {
    "latitud": -34.5746,
    "longitud": -58.407473,
    "timestamp_ubicacion": "2025-10-20T14:53:25.911Z",
    "viaje": 1
  }
},
{
  "model": "busturistico.ubicacioncolectivo",
  "pk": 71,
  "fields": {
    "latitud": -34.574557,
    "longitud": -58.407532,
    "timestamp_ubicacion": "2025-10-20T14:53:26.950Z",
    "viaje": 1
  }
},
{
  "model": "busturistico.ubicacioncolectivo",
  "pk": 72,
  "fields": {
    "latitud": -34.574514,
    "longitud": -58.407591,
    "timestamp_ubicacion": "2025-10-20T14:53:27.988Z",
    "viaje": 1
  }
},
{
  "model": "busturistico.ubicacioncolectivo",
  "pk": 73,
  "fields": {
    "latitud": -34.574465333333336,
    "longitud": -58.407658999999995,
    "timestamp_ubicacion": "2025-10-20T14:53:29.176Z",
    "viaje": 1
  }
},
{
  "model": "busturistico.ubicacioncolectivo",
  "pk": 74,
  "fields": {
    "latitud": -34.574416666666664,
    "longitud": -58.407727,
    "timestamp_ubicacion": "2025-10-20T14:53:30.364Z",
    "viaje": 1
  }
},
{
  "model": "busturistico.ubicacioncolectivo",
  "pk": 75,
  "fields": {
    "latitud": -34.574368,
    "longitud": -58.407795,
    "timestamp_ubicacion": "2025-10-20T14:53:31.552Z",
    "viaje": 1
  }
},
{
  "model": "busturistico.ubicacioncolectivo",
  "pk": 76,
  "fields": {
    "latitud": -34.5743255625,
    "longitud": -58.4078551875,
    "timestamp_ubicacion": "2025-10-20T14:53:32.597Z",
    "viaje": 1
  }
},
{
  "model": "busturistico.ubicacioncolectivo",
  "pk": 77,
  "fields": {
    "latitud": -34.574283125,
    "longitud": -58.407915375,
    "timestamp_ubicacion": "2025-10-20T14:53:33.641Z",
    "viaje": 1
  }
},
{
  "model": "busturistico.ubicacioncolectivo",
  "pk": 78,
  "fields": {
    "latitud": -34.5742406875,
    "longitud": -58.4079755625,
    "timestamp_ubicacion": "2025-10-20T14:53:34.686Z",
    "viaje": 1
  }
},
{
  "model": "busturistico.ubicacioncolectivo",
  "pk": 79,
  "fields": {
    "latitud": -34.57419825,
    "longitud": -58.408035749999996,
    "timestamp_ubicacion": "2025-10-20T14:53:35.731Z",
    "viaje": 1
  }
},
{
  "model": "busturistico.ubicacioncolectivo",
  "pk": 80,
  "fields": {
    "latitud": -34.5741558125,
    "longitud": -58.4080959375,
    "timestamp_ubicacion": "2025-10-20T14:53:36.776Z",
    "viaje": 1
  }
},
{
  "model": "busturistico.ubicacioncolectivo",
  "pk": 81,
  "fields": {
    "latitud": -34.574113375,
    "longitud": -58.408156125,
    "timestamp_ubicacion": "2025-10-20T14:53:37.820Z",
    "viaje": 1
  }
},
{
  "model": "busturistico.ubicacioncolectivo",
  "pk": 82,
  "fields": {
    "latitud": -34.574070937500004,
    "longitud": -58.4082163125,
    "timestamp_ubicacion": "2025-10-20T14:53:38.865Z",
    "viaje": 1
  }
},
{
  "model": "busturistico.ubicacioncolectivo",
  "pk": 83,
  "fields": {
    "latitud": -34.5740285,
    "longitud": -58.4082765,
    "timestamp_ubicacion": "2025-10-20T14:53:39.910Z",
    "viaje": 1
  }
},
{
  "model": "busturistico.ubicacioncolectivo",
  "pk": 84,
  "fields": {
    "latitud": -34.5739860625,
    "longitud": -58.4083366875,
    "timestamp_ubicacion": "2025-10-20T14:53:40.954Z",
    "viaje": 1
  }
},
{
  "model": "busturistico.ubicacioncolectivo",
  "pk": 85,
  "fields": {
    "latitud": -34.573943625,
    "longitud": -58.408396875,
    "timestamp_ubicacion": "2025-10-20T14:53:41.999Z",
    "viaje": 1
  }
},
{
  "model": "busturistico.ubicacioncolectivo",
  "pk": 86,
  "fields": {
    "latitud": -34.5739011875,
    "longitud": -58.4084570625,
    "timestamp_ubicacion": "2025-10-20T14:53:43.044Z",
    "viaje": 1
  }
},
{
  "model": "busturistico.ubicacioncolectivo",
  "pk": 87,
  "fields": {
    "latitud": -34.57385875,
    "longitud": -58.40851725,
    "timestamp_ubicacion": "2025-10-20T14:53:44.088Z",
    "viaje": 1
  }
},
{
  "model": "busturistico.ubicacioncolectivo",
  "pk": 88,
  "fields": {
    "latitud": -34.5738163125,
    "longitud": -58.4085774375,
    "timestamp_ubicacion": "2025-10-20T14:53:45.133Z",
    "viaje": 1
  }
},
{
  "model": "busturistico.ubicacioncolectivo",
  "pk": 89,
  "fields": {
    "latitud": -34.573773875,
    "longitud": -58.408637625,
    "timestamp_ubicacion": "2025-10-20T14:53:46.178Z",
    "viaje": 1
  }
},
{
  "model": "busturistico.ubicacioncolectivo",
  "pk": 90,
  "fields": {
    "latitud": -34.5737314375,
    "longitud": -58.4086978125,
    "timestamp_ubicacion": "2025-10-20T14:53:47.223Z",
    "viaje": 1
  }
},
{
  "model": "busturistico.ubicacioncolectivo",
  "pk": 91,
  "fields": {
    "latitud": -34.573689,
    "longitud": -58.408758,
    "timestamp_ubicacion": "2025-10-20T14:53:48.267Z",
    "viaje": 1
  }
},
{
  "model": "busturistico.ubicacioncolectivo",
  "pk": 92,
  "fields": {
    "latitud": -34.5736635,
    "longitud": -58.408794,
    "timestamp_ubicacion": "2025-10-20T14:53:49.267Z",
    "viaje": 1
  }
},
{
  "model": "busturistico.ubicacioncolectivo",
  "pk": 93,
  "fields": {
    "latitud": -34.573638,
    "longitud": -58.40883,
    "timestamp_ubicacion": "2025-10-20T14:53:50.267Z",
    "viaje": 1
  }
},
{
  "model": "busturistico.ubicacioncolectivo",
  "pk": 94,
  "fields": {
    "latitud": -34.573616,
    "longitud": -58.408861,
    "timestamp_ubicacion": "2025-10-20T14:53:51.267Z",
    "viaje": 1
  }
},
{
  "model": "busturistico.ubicacioncolectivo",
  "pk": 95,
  "fields": {
    "latitud": -34.573594,
    "longitud": -58.408892,
    "timestamp_ubicacion": "2025-10-20T14:53:52.267Z",
    "viaje": 1
  }
},
{
  "model": "busturistico.ubicacioncolectivo",
  "pk": 96,
  "fields": {
    "latitud": -34.5735855,
    "longitud": -58.4089055,
    "timestamp_ubicacion": "2025-10-20T14:53:53.267Z",
    "viaje": 1
  }
},
{
  "model": "busturistico.ubicacioncolectivo",
  "pk": 97,
  "fields": {
    "latitud": -34.573577,
    "longitud": -58.408919,
    "timestamp_ubicacion": "2025-10-20T14:53:54.267Z",
    "viaje": 1
  }
},
{
  "model": "busturistico.ubicacioncolectivo",
  "pk": 98,
  "fields": {
    "latitud": -34.57353596666667,
    "longitud": -58.40897866666666,
    "timestamp_ubicacion": "2025-10-20T14:53:55.292Z",
    "viaje": 1
  }
},
{
  "model": "busturistico.ubicacioncolectivo",
  "pk": 99,
  "fields": {
    "latitud": -34.573494933333336,
    "longitud": -58.40903833333333,
    "timestamp_ubicacion": "2025-10-20T14:53:56.317Z",
    "viaje": 1
  }
},
{
  "model": "busturistico.ubicacioncolectivo",
  "pk": 100,
  "fields": {
    "latitud": -34.573453900000004,
    "longitud": -58.409098,
    "timestamp_ubicacion": "2025-10-20T14:53:57.342Z",
    "viaje": 1
  }
},
{
  "model": "busturistico.ubicacioncolectivo",
  "pk": 101,
  "fields": {
    "latitud": -34.573412866666665,
    "longitud": -58.409157666666665,
    "timestamp_ubicacion": "2025-10-20T14:53:58.367Z",
    "viaje": 1
  }
},
{
  "model": "busturistico.ubicacioncolectivo",
  "pk": 102,
  "fields": {
    "latitud": -34.57337183333333,
    "longitud": -58.40921733333333,
    "timestamp_ubicacion": "2025-10-20T14:53:59.392Z",
    "viaje": 1
  }
},
{
  "model": "busturistico.ubicacioncolectivo",
  "pk": 103,
  "fields": {
    "latitud": -34.5733308,
    "longitud": -58.409276999999996,
    "timestamp_ubicacion": "2025-10-20T14:54:00.417Z",
    "viaje": 1
  }
},
{
  "model": "busturistico.ubicacioncolectivo",
  "pk": 104,
  "fields": {
    "latitud": -34.57328976666667,
    "longitud": -58.40933666666666,
    "timestamp_ubicacion": "2025-10-20T14:54:01.442Z",
    "viaje": 1
  }
},
{
  "model": "busturistico.ubicacioncolectivo",
  "pk": 105,
  "fields": {
    "latitud": -34.57324873333334,
    "longitud": -58.40939633333333,
    "timestamp_ubicacion": "2025-10-20T14:54:02.467Z",
    "viaje": 1
  }
},
{
  "model": "busturistico.ubicacioncolectivo",
  "pk": 106,
  "fields": {
    "latitud": -34.5732077,
    "longitud": -58.409456,
    "timestamp_ubicacion": "2025-10-20T14:54:03.492Z",
    "viaje": 1
  }
},
{
  "model": "busturistico.ubicacioncolectivo",
  "pk": 107,
  "fields": {
    "latitud": -34.573166666666665,
    "longitud": -58.409515666666664,
    "timestamp_ubicacion": "2025-10-20T14:54:04.517Z",
    "viaje": 1
  }
},
{
  "model": "busturistico.ubicacioncolectivo",
  "pk": 108,
  "fields": {
    "latitud": -34.57312563333333,
    "longitud": -58.40957533333333,
    "timestamp_ubicacion": "2025-10-20T14:54:05.542Z",
    "viaje": 1
  }
},
{
  "model": "busturistico.ubicacioncolectivo",
  "pk": 109,
  "fields": {
    "latitud": -34.5730846,
    "longitud": -58.409634999999994,
    "timestamp_ubicacion": "2025-10-20T14:54:06.567Z",
    "viaje": 1
  }
},
{
  "model": "busturistico.ubicacioncolectivo",
  "pk": 110,
  "fields": {
    "latitud": -34.57304356666667,
    "longitud": -58.40969466666667,
    "timestamp_ubicacion": "2025-10-20T14:54:07.592Z",
    "viaje": 1
  }
},
{
  "model": "busturistico.ubicacioncolectivo",
  "pk": 111,
  "fields": {
    "latitud": -34.57300253333334,
    "longitud": -58.40975433333333,
    "timestamp_ubicacion": "2025-10-20T14:54:08.617Z",
    "viaje": 1
  }
},
{
  "model": "busturistico.ubicacioncolectivo",
  "pk": 112,
  "fields": {
    "latitud": -34.572961500000005,
    "longitud": -58.409814,
    "timestamp_ubicacion": "2025-10-20T14:54:09.642Z",
    "viaje": 1
  }
},
{
  "model": "busturistico.ubicacioncolectivo",
  "pk": 113,
  "fields": {
    "latitud": -34.572920466666666,
    "longitud": -58.40987366666666,
    "timestamp_ubicacion": "2025-10-20T14:54:10.667Z",
    "viaje": 1
  }
},
{
  "model": "busturistico.ubicacioncolectivo",
  "pk": 114,
  "fields": {
    "latitud": -34.572879433333334,
    "longitud": -58.40993333333333,
    "timestamp_ubicacion": "2025-10-20T14:54:11.692Z",
    "viaje": 1
  }
},
{
  "model": "busturistico.ubicacioncolectivo",
  "pk": 115,
  "fields": {
    "latitud": -34.5728384,
    "longitud": -58.409993,
    "timestamp_ubicacion": "2025-10-20T14:54:12.717Z",
    "viaje": 1
  }
},
{
  "model": "busturistico.ubicacioncolectivo",
  "pk": 116,
  "fields": {
    "latitud": -34.57279736666667,
    "longitud": -58.410052666666665,
    "timestamp_ubicacion": "2025-10-20T14:54:13.742Z",
    "viaje": 1
  }
},
{
  "model": "busturistico.ubicacioncolectivo",
  "pk": 117,
  "fields": {
    "latitud": -34.57275633333334,
    "longitud": -58.41011233333333,
    "timestamp_ubicacion": "2025-10-20T14:54:14.766Z",
    "viaje": 1
  }
},
{
  "model": "busturistico.ubicacioncolectivo",
  "pk": 118,
  "fields": {
    "latitud": -34.572715300000006,
    "longitud": -58.410171999999996,
    "timestamp_ubicacion": "2025-10-20T14:54:15.791Z",
    "viaje": 1
  }
},
{
  "model": "busturistico.ubicacioncolectivo",
  "pk": 119,
  "fields": {
    "latitud": -34.57267426666667,
    "longitud": -58.41023166666666,
    "timestamp_ubicacion": "2025-10-20T14:54:16.816Z",
    "viaje": 1
  }
},
{
  "model": "busturistico.ubicacioncolectivo",
  "pk": 120,
  "fields": {
    "latitud": -34.572633233333335,
    "longitud": -58.41029133333333,
    "timestamp_ubicacion": "2025-10-20T14:54:17.841Z",
    "viaje": 1
  }
},
{
  "model": "busturistico.ubicacioncolectivo",
  "pk": 121,
  "fields": {
    "latitud": -34.5725922,
    "longitud": -58.410351,
    "timestamp_ubicacion": "2025-10-20T14:54:18.866Z",
    "viaje": 1
  }
},
{
  "model": "busturistico.ubicacioncolectivo",
  "pk": 122,
  "fields": {
    "latitud": -34.57255116666667,
    "longitud": -58.410410666666664,
    "timestamp_ubicacion": "2025-10-20T14:54:19.891Z",
    "viaje": 1
  }
},
{
  "model": "busturistico.ubicacioncolectivo",
  "pk": 123,
  "fields": {
    "latitud": -34.57251013333334,
    "longitud": -58.41047033333333,
    "timestamp_ubicacion": "2025-10-20T14:54:20.916Z",
    "viaje": 1
  }
},
{
  "model": "busturistico.ubicacioncolectivo",
  "pk": 124,
  "fields": {
    "latitud": -34.572469100000006,
    "longitud": -58.410529999999994,
    "timestamp_ubicacion": "2025-10-20T14:54:21.941Z",
    "viaje": 1
  }
},
{
  "model": "busturistico.ubicacioncolectivo",
  "pk": 125,
  "fields": {
    "latitud": -34.57242806666667,
    "longitud": -58.41058966666667,
    "timestamp_ubicacion": "2025-10-20T14:54:22.966Z",
    "viaje": 1
  }
},
{
  "model": "busturistico.ubicacioncolectivo",
  "pk": 126,
  "fields": {
    "latitud": -34.572387033333335,
    "longitud": -58.41064933333333,
    "timestamp_ubicacion": "2025-10-20T14:54:23.991Z",
    "viaje": 1
  }
},
{
  "model": "busturistico.ubicacioncolectivo",
  "pk": 127,
  "fields": {
    "latitud": -34.572346,
    "longitud": -58.410709,
    "timestamp_ubicacion": "2025-10-20T14:54:25.016Z",
    "viaje": 1
  }
},
{
  "model": "busturistico.ubicacioncolectivo",
  "pk": 128,
  "fields": {
    "latitud": -34.5723045,
    "longitud": -58.41077,
    "timestamp_ubicacion": "2025-10-20T14:54:26.059Z",
    "viaje": 1
  }
},
{
  "model": "busturistico.ubicacioncolectivo",
  "pk": 129,
  "fields": {
    "latitud": -34.57226300000001,
    "longitud": -58.410831,
    "timestamp_ubicacion": "2025-10-20T14:54:27.103Z",
    "viaje": 1
  }
},
{
  "model": "busturistico.ubicacioncolectivo",
  "pk": 130,
  "fields": {
    "latitud": -34.572221500000005,
    "longitud": -58.410892,
    "timestamp_ubicacion": "2025-10-20T14:54:28.146Z",
    "viaje": 1
  }
},
{
  "model": "busturistico.ubicacioncolectivo",
  "pk": 131,
  "fields": {
    "latitud": -34.57218,
    "longitud": -58.410953,
    "timestamp_ubicacion": "2025-10-20T14:54:29.189Z",
    "viaje": 1
  }
},
{
  "model": "busturistico.ubicacioncolectivo",
  "pk": 132,
  "fields": {
    "latitud": -34.572145500000005,
    "longitud": -58.4110405,
    "timestamp_ubicacion": "2025-10-20T14:54:30.468Z",
    "viaje": 1
  }
},
{
  "model": "busturistico.ubicacioncolectivo",
  "pk": 133,
  "fields": {
    "latitud": -34.572111,
    "longitud": -58.411128,
    "timestamp_ubicacion": "2025-10-20T14:54:31.747Z",
    "viaje": 1
  }
},
{
  "model": "busturistico.ubicacioncolectivo",
  "pk": 134,
  "fields": {
    "latitud": -34.5720635,
    "longitud": -58.4112205,
    "timestamp_ubicacion": "2025-10-20T14:54:33.185Z",
    "viaje": 1
  }
},
{
  "model": "busturistico.ubicacioncolectivo",
  "pk": 135,
  "fields": {
    "latitud": -34.572016,
    "longitud": -58.411313,
    "timestamp_ubicacion": "2025-10-20T14:54:34.622Z",
    "viaje": 1
  }
},
{
  "model": "busturistico.ubicacioncolectivo",
  "pk": 136,
  "fields": {
    "latitud": -34.571974499999996,
    "longitud": -58.4114015,
    "timestamp_ubicacion": "2025-10-20T14:54:35.965Z",
    "viaje": 1
  }
},
{
  "model": "busturistico.ubicacioncolectivo",
  "pk": 137,
  "fields": {
    "latitud": -34.571933,
    "longitud": -58.41149,
    "timestamp_ubicacion": "2025-10-20T14:54:37.307Z",
    "viaje": 1
  }
},
{
  "model": "busturistico.ubicacioncolectivo",
  "pk": 138,
  "fields": {
    "latitud": -34.5719215,
    "longitud": -58.411523,
    "timestamp_ubicacion": "2025-10-20T14:54:38.307Z",
    "viaje": 1
  }
},
{
  "model": "busturistico.ubicacioncolectivo",
  "pk": 139,
  "fields": {
    "latitud": -34.57191,
    "longitud": -58.411556,
    "timestamp_ubicacion": "2025-10-20T14:54:39.307Z",
    "viaje": 1
  }
},
{
  "model": "busturistico.ubicacioncolectivo",
  "pk": 140,
  "fields": {
    "latitud": -34.5718855,
    "longitud": -58.411616499999994,
    "timestamp_ubicacion": "2025-10-20T14:54:40.307Z",
    "viaje": 1
  }
},
{
  "model": "busturistico.ubicacioncolectivo",
  "pk": 141,
  "fields": {
    "latitud": -34.571861,
    "longitud": -58.411677,
    "timestamp_ubicacion": "2025-10-20T14:54:41.307Z",
    "viaje": 1
  }
},
{
  "model": "busturistico.ubicacioncolectivo",
  "pk": 142,
  "fields": {
    "latitud": -34.571833,
    "longitud": -58.411743,
    "timestamp_ubicacion": "2025-10-20T14:54:42.307Z",
    "viaje": 1
  }
},
{
  "model": "busturistico.ubicacioncolectivo",
  "pk": 143,
  "fields": {
    "latitud": -34.571805,
    "longitud": -58.411809,
    "timestamp_ubicacion": "2025-10-20T14:54:43.307Z",
    "viaje": 1
  }
},
{
  "model": "busturistico.ubicacioncolectivo",
  "pk": 144,
  "fields": {
    "latitud": -34.5718575,
    "longitud": -58.411883,
    "timestamp_ubicacion": "2025-10-20T14:54:44.595Z",
    "viaje": 1
  }
},
{
  "model": "busturistico.ubicacioncolectivo",
  "pk": 145,
  "fields": {
    "latitud": -34.57191,
    "longitud": -58.411957,
    "timestamp_ubicacion": "2025-10-20T14:54:45.883Z",
    "viaje": 1
  }
},
{
  "model": "busturistico.ubicacioncolectivo",
  "pk": 146,
  "fields": {
    "latitud": -34.571956,
    "longitud": -58.412025,
    "timestamp_ubicacion": "2025-10-20T14:54:47.043Z",
    "viaje": 1
  }
},
{
  "model": "busturistico.ubicacioncolectivo",
  "pk": 147,
  "fields": {
    "latitud": -34.572002,
    "longitud": -58.412093,
    "timestamp_ubicacion": "2025-10-20T14:54:48.204Z",
    "viaje": 1
  }
},
{
  "model": "busturistico.ubicacioncolectivo",
  "pk": 148,
  "fields": {
    "latitud": -34.5720455,
    "longitud": -58.412158,
    "timestamp_ubicacion": "2025-10-20T14:54:49.308Z",
    "viaje": 1
  }
},
{
  "model": "busturistico.ubicacioncolectivo",
  "pk": 149,
  "fields": {
    "latitud": -34.572089,
    "longitud": -58.412223,
    "timestamp_ubicacion": "2025-10-20T14:54:50.412Z",
    "viaje": 1
  }
},
{
  "model": "busturistico.ubicacioncolectivo",
  "pk": 150,
  "fields": {
    "latitud": -34.572143999999994,
    "longitud": -58.412291499999995,
    "timestamp_ubicacion": "2025-10-20T14:54:51.674Z",
    "viaje": 1
  }
},
{
  "model": "busturistico.ubicacioncolectivo",
  "pk": 151,
  "fields": {
    "latitud": -34.572199,
    "longitud": -58.41236,
    "timestamp_ubicacion": "2025-10-20T14:54:52.935Z",
    "viaje": 1
  }
},
{
  "model": "busturistico.ubicacioncolectivo",
  "pk": 152,
  "fields": {
    "latitud": -34.572250499999996,
    "longitud": -58.41241225,
    "timestamp_ubicacion": "2025-10-20T14:54:54.010Z",
    "viaje": 1
  }
},
{
  "model": "busturistico.ubicacioncolectivo",
  "pk": 153,
  "fields": {
    "latitud": -34.572302,
    "longitud": -58.4124645,
    "timestamp_ubicacion": "2025-10-20T14:54:55.084Z",
    "viaje": 1
  }
},
{
  "model": "busturistico.ubicacioncolectivo",
  "pk": 154,
  "fields": {
    "latitud": -34.572353500000006,
    "longitud": -58.412516749999995,
    "timestamp_ubicacion": "2025-10-20T14:54:56.159Z",
    "viaje": 1
  }
},
{
  "model": "busturistico.ubicacioncolectivo",
  "pk": 155,
  "fields": {
    "latitud": -34.572405,
    "longitud": -58.412569,
    "timestamp_ubicacion": "2025-10-20T14:54:57.233Z",
    "viaje": 1
  }
},
{
  "model": "busturistico.ubicacioncolectivo",
  "pk": 156,
  "fields": {
    "latitud": -34.5724175,
    "longitud": -58.41258,
    "timestamp_ubicacion": "2025-10-20T14:54:58.233Z",
    "viaje": 1
  }
},
{
  "model": "busturistico.ubicacioncolectivo",
  "pk": 157,
  "fields": {
    "latitud": -34.57243,
    "longitud": -58.412591,
    "timestamp_ubicacion": "2025-10-20T14:54:59.233Z",
    "viaje": 1
  }
},
{
  "model": "busturistico.ubicacioncolectivo",
  "pk": 158,
  "fields": {
    "latitud": -34.572441999999995,
    "longitud": -58.4126055,
    "timestamp_ubicacion": "2025-10-20T14:55:00.233Z",
    "viaje": 1
  }
},
{
  "model": "busturistico.ubicacioncolectivo",
  "pk": 159,
  "fields": {
    "latitud": -34.572454,
    "longitud": -58.41262,
    "timestamp_ubicacion": "2025-10-20T14:55:01.233Z",
    "viaje": 1
  }
},
{
  "model": "busturistico.ubicacioncolectivo",
  "pk": 160,
  "fields": {
    "latitud": -34.572489000000004,
    "longitud": -58.4126925,
    "timestamp_ubicacion": "2025-10-20T14:55:02.341Z",
    "viaje": 1
  }
},
{
  "model": "busturistico.ubicacioncolectivo",
  "pk": 161,
  "fields": {
    "latitud": -34.572524,
    "longitud": -58.412765,
    "timestamp_ubicacion": "2025-10-20T14:55:03.449Z",
    "viaje": 1
  }
},
{
  "model": "busturistico.ubicacioncolectivo",
  "pk": 162,
  "fields": {
    "latitud": -34.57257454545454,
    "longitud": -58.41281227272727,
    "timestamp_ubicacion": "2025-10-20T14:55:04.471Z",
    "viaje": 1
  }
},
{
  "model": "busturistico.ubicacioncolectivo",
  "pk": 163,
  "fields": {
    "latitud": -34.57262509090909,
    "longitud": -58.412859545454545,
    "timestamp_ubicacion": "2025-10-20T14:55:05.492Z",
    "viaje": 1
  }
},
{
  "model": "busturistico.ubicacioncolectivo",
  "pk": 164,
  "fields": {
    "latitud": -34.572675636363634,
    "longitud": -58.41290681818182,
    "timestamp_ubicacion": "2025-10-20T14:55:06.514Z",
    "viaje": 1
  }
},
{
  "model": "busturistico.ubicacioncolectivo",
  "pk": 165,
  "fields": {
    "latitud": -34.57272618181818,
    "longitud": -58.41295409090909,
    "timestamp_ubicacion": "2025-10-20T14:55:07.535Z",
    "viaje": 1
  }
},
{
  "model": "busturistico.ubicacioncolectivo",
  "pk": 166,
  "fields": {
    "latitud": -34.572776727272725,
    "longitud": -58.41300136363636,
    "timestamp_ubicacion": "2025-10-20T14:55:08.557Z",
    "viaje": 1
  }
},
{
  "model": "busturistico.ubicacioncolectivo",
  "pk": 167,
  "fields": {
    "latitud": -34.572827272727274,
    "longitud": -58.41304863636364,
    "timestamp_ubicacion": "2025-10-20T14:55:09.579Z",
    "viaje": 1
  }
},
{
  "model": "busturistico.ubicacioncolectivo",
  "pk": 168,
  "fields": {
    "latitud": -34.572877818181816,
    "longitud": -58.41309590909091,
    "timestamp_ubicacion": "2025-10-20T14:55:10.600Z",
    "viaje": 1
  }
},
{
  "model": "busturistico.ubicacioncolectivo",
  "pk": 169,
  "fields": {
    "latitud": -34.572928363636365,
    "longitud": -58.413143181818185,
    "timestamp_ubicacion": "2025-10-20T14:55:11.622Z",
    "viaje": 1
  }
},
{
  "model": "busturistico.ubicacioncolectivo",
  "pk": 170,
  "fields": {
    "latitud": -34.57297890909091,
    "longitud": -58.41319045454546,
    "timestamp_ubicacion": "2025-10-20T14:55:12.643Z",
    "viaje": 1
  }
},
{
  "model": "busturistico.ubicacioncolectivo",
  "pk": 171,
  "fields": {
    "latitud": -34.573029454545456,
    "longitud": -58.41323772727273,
    "timestamp_ubicacion": "2025-10-20T14:55:13.665Z",
    "viaje": 1
  }
},
{
  "model": "busturistico.ubicacioncolectivo",
  "pk": 172,
  "fields": {
    "latitud": -34.57308,
    "longitud": -58.413285,
    "timestamp_ubicacion": "2025-10-20T14:55:14.686Z",
    "viaje": 1
  }
},
{
  "model": "busturistico.ubicacioncolectivo",
  "pk": 173,
  "fields": {
    "latitud": -34.57313325,
    "longitud": -58.413334500000005,
    "timestamp_ubicacion": "2025-10-20T14:55:15.760Z",
    "viaje": 1
  }
},
{
  "model": "busturistico.ubicacioncolectivo",
  "pk": 174,
  "fields": {
    "latitud": -34.5731865,
    "longitud": -58.413384,
    "timestamp_ubicacion": "2025-10-20T14:55:16.834Z",
    "viaje": 1
  }
},
{
  "model": "busturistico.ubicacioncolectivo",
  "pk": 175,
  "fields": {
    "latitud": -34.57323975,
    "longitud": -58.413433500000004,
    "timestamp_ubicacion": "2025-10-20T14:55:17.907Z",
    "viaje": 1
  }
},
{
  "model": "busturistico.ubicacioncolectivo",
  "pk": 176,
  "fields": {
    "latitud": -34.573293,
    "longitud": -58.413483,
    "timestamp_ubicacion": "2025-10-20T14:55:18.981Z",
    "viaje": 1
  }
},
{
  "model": "busturistico.ubicacioncolectivo",
  "pk": 177,
  "fields": {
    "latitud": -34.57334625,
    "longitud": -58.4135325,
    "timestamp_ubicacion": "2025-10-20T14:55:20.055Z",
    "viaje": 1
  }
},
{
  "model": "busturistico.ubicacioncolectivo",
  "pk": 178,
  "fields": {
    "latitud": -34.573399499999994,
    "longitud": -58.413582000000005,
    "timestamp_ubicacion": "2025-10-20T14:55:21.128Z",
    "viaje": 1
  }
},
{
  "model": "busturistico.ubicacioncolectivo",
  "pk": 179,
  "fields": {
    "latitud": -34.573452749999994,
    "longitud": -58.4136315,
    "timestamp_ubicacion": "2025-10-20T14:55:22.202Z",
    "viaje": 1
  }
},
{
  "model": "busturistico.ubicacioncolectivo",
  "pk": 180,
  "fields": {
    "latitud": -34.573505999999995,
    "longitud": -58.413681000000004,
    "timestamp_ubicacion": "2025-10-20T14:55:23.276Z",
    "viaje": 1
  }
},
{
  "model": "busturistico.ubicacioncolectivo",
  "pk": 181,
  "fields": {
    "latitud": -34.573559249999995,
    "longitud": -58.4137305,
    "timestamp_ubicacion": "2025-10-20T14:55:24.350Z",
    "viaje": 1
  }
},
{
  "model": "busturistico.ubicacioncolectivo",
  "pk": 182,
  "fields": {
    "latitud": -34.573612499999996,
    "longitud": -58.41378,
    "timestamp_ubicacion": "2025-10-20T14:55:25.423Z",
    "viaje": 1
  }
},
{
  "model": "busturistico.ubicacioncolectivo",
  "pk": 183,
  "fields": {
    "latitud": -34.573665749999996,
    "longitud": -58.4138295,
    "timestamp_ubicacion": "2025-10-20T14:55:26.497Z",
    "viaje": 1
  }
},
{
  "model": "busturistico.ubicacioncolectivo",
  "pk": 184,
  "fields": {
    "latitud": -34.573719,
    "longitud": -58.413879,
    "timestamp_ubicacion": "2025-10-20T14:55:27.571Z",
    "viaje": 1
  }
},
{
  "model": "busturistico.ubicacioncolectivo",
  "pk": 185,
  "fields": {
    "latitud": -34.57377044444444,
    "longitud": -58.41392733333333,
    "timestamp_ubicacion": "2025-10-20T14:55:28.612Z",
    "viaje": 1
  }
},
{
  "model": "busturistico.ubicacioncolectivo",
  "pk": 186,
  "fields": {
    "latitud": -34.57382188888889,
    "longitud": -58.413975666666666,
    "timestamp_ubicacion": "2025-10-20T14:55:29.654Z",
    "viaje": 1
  }
},
{
  "model": "busturistico.ubicacioncolectivo",
  "pk": 187,
  "fields": {
    "latitud": -34.57387333333333,
    "longitud": -58.414024,
    "timestamp_ubicacion": "2025-10-20T14:55:30.695Z",
    "viaje": 1
  }
},
{
  "model": "busturistico.ubicacioncolectivo",
  "pk": 188,
  "fields": {
    "latitud": -34.573924777777776,
    "longitud": -58.41407233333333,
    "timestamp_ubicacion": "2025-10-20T14:55:31.737Z",
    "viaje": 1
  }
},
{
  "model": "busturistico.ubicacioncolectivo",
  "pk": 189,
  "fields": {
    "latitud": -34.57397622222222,
    "longitud": -58.41412066666667,
    "timestamp_ubicacion": "2025-10-20T14:55:32.778Z",
    "viaje": 1
  }
},
{
  "model": "busturistico.ubicacioncolectivo",
  "pk": 190,
  "fields": {
    "latitud": -34.574027666666666,
    "longitud": -58.414169,
    "timestamp_ubicacion": "2025-10-20T14:55:33.820Z",
    "viaje": 1
  }
},
{
  "model": "busturistico.ubicacioncolectivo",
  "pk": 191,
  "fields": {
    "latitud": -34.57407911111111,
    "longitud": -58.41421733333333,
    "timestamp_ubicacion": "2025-10-20T14:55:34.861Z",
    "viaje": 1
  }
},
{
  "model": "busturistico.ubicacioncolectivo",
  "pk": 192,
  "fields": {
    "latitud": -34.574130555555556,
    "longitud": -58.414265666666665,
    "timestamp_ubicacion": "2025-10-20T14:55:35.902Z",
    "viaje": 1
  }
},
{
  "model": "busturistico.ubicacioncolectivo",
  "pk": 193,
  "fields": {
    "latitud": -34.574182,
    "longitud": -58.414314,
    "timestamp_ubicacion": "2025-10-20T14:55:36.944Z",
    "viaje": 1
  }
},
{
  "model": "busturistico.ubicacioncolectivo",
  "pk": 194,
  "fields": {
    "latitud": -34.5742075,
    "longitud": -58.4143895,
    "timestamp_ubicacion": "2025-10-20T14:55:38.020Z",
    "viaje": 1
  }
},
{
  "model": "busturistico.ubicacioncolectivo",
  "pk": 195,
  "fields": {
    "latitud": -34.574233,
    "longitud": -58.414465,
    "timestamp_ubicacion": "2025-10-20T14:55:39.096Z",
    "viaje": 1
  }
},
{
  "model": "busturistico.ubicacioncolectivo",
  "pk": 196,
  "fields": {
    "latitud": -34.5742855,
    "longitud": -58.4145355,
    "timestamp_ubicacion": "2025-10-20T14:55:40.349Z",
    "viaje": 1
  }
},
{
  "model": "busturistico.ubicacioncolectivo",
  "pk": 197,
  "fields": {
    "latitud": -34.574338,
    "longitud": -58.414606,
    "timestamp_ubicacion": "2025-10-20T14:55:41.602Z",
    "viaje": 1
  }
},
{
  "model": "busturistico.ubicacioncolectivo",
  "pk": 198,
  "fields": {
    "latitud": -34.5743765,
    "longitud": -58.414666499999996,
    "timestamp_ubicacion": "2025-10-20T14:55:42.610Z",
    "viaje": 1
  }
},
{
  "model": "busturistico.ubicacioncolectivo",
  "pk": 199,
  "fields": {
    "latitud": -34.574415,
    "longitud": -58.414727,
    "timestamp_ubicacion": "2025-10-20T14:55:43.618Z",
    "viaje": 1
  }
},
{
  "model": "busturistico.ubicacioncolectivo",
  "pk": 200,
  "fields": {
    "latitud": -34.574425000000005,
    "longitud": -58.4147425,
    "timestamp_ubicacion": "2025-10-20T14:55:44.618Z",
    "viaje": 1
  }
},
{
  "model": "busturistico.ubicacioncolectivo",
  "pk": 201,
  "fields": {
    "latitud": -34.574435,
    "longitud": -58.414758,
    "timestamp_ubicacion": "2025-10-20T14:55:45.618Z",
    "viaje": 1
  }
},
{
  "model": "busturistico.ubicacioncolectivo",
  "pk": 202,
  "fields": {
    "latitud": -34.5744485,
    "longitud": -58.414777,
    "timestamp_ubicacion": "2025-10-20T14:55:46.618Z",
    "viaje": 1
  }
},
{
  "model": "busturistico.ubicacioncolectivo",
  "pk": 203,
  "fields": {
    "latitud": -34.574462,
    "longitud": -58.414796,
    "timestamp_ubicacion": "2025-10-20T14:55:47.618Z",
    "viaje": 1
  }
},
{
  "model": "busturistico.ubicacioncolectivo",
  "pk": 204,
  "fields": {
    "latitud": -34.574488,
    "longitud": -58.414842500000006,
    "timestamp_ubicacion": "2025-10-20T14:55:48.618Z",
    "viaje": 1
  }
},
{
  "model": "busturistico.ubicacioncolectivo",
  "pk": 205,
  "fields": {
    "latitud": -34.574514,
    "longitud": -58.414889,
    "timestamp_ubicacion": "2025-10-20T14:55:49.618Z",
    "viaje": 1
  }
},
{
  "model": "busturistico.ubicacioncolectivo",
  "pk": 206,
  "fields": {
    "latitud": -34.57454,
    "longitud": -58.4149405,
    "timestamp_ubicacion": "2025-10-20T14:55:50.618Z",
    "viaje": 1
  }
},
{
  "model": "busturistico.ubicacioncolectivo",
  "pk": 207,
  "fields": {
    "latitud": -34.574566,
    "longitud": -58.414992,
    "timestamp_ubicacion": "2025-10-20T14:55:51.618Z",
    "viaje": 1
  }
},
{
  "model": "busturistico.ubicacioncolectivo",
  "pk": 208,
  "fields": {
    "latitud": -34.57455175,
    "longitud": -58.41506975,
    "timestamp_ubicacion": "2025-10-20T14:55:52.669Z",
    "viaje": 1
  }
},
{
  "model": "busturistico.ubicacioncolectivo",
  "pk": 209,
  "fields": {
    "latitud": -34.5745375,
    "longitud": -58.4151475,
    "timestamp_ubicacion": "2025-10-20T14:55:53.719Z",
    "viaje": 1
  }
},
{
  "model": "busturistico.ubicacioncolectivo",
  "pk": 210,
  "fields": {
    "latitud": -34.57452325,
    "longitud": -58.41522525,
    "timestamp_ubicacion": "2025-10-20T14:55:54.769Z",
    "viaje": 1
  }
},
{
  "model": "busturistico.ubicacioncolectivo",
  "pk": 211,
  "fields": {
    "latitud": -34.574509,
    "longitud": -58.415303,
    "timestamp_ubicacion": "2025-10-20T14:55:55.819Z",
    "viaje": 1
  }
},
{
  "model": "busturistico.ubicacioncolectivo",
  "pk": 212,
  "fields": {
    "latitud": -34.5744865,
    "longitud": -58.4154125,
    "timestamp_ubicacion": "2025-10-20T14:55:57.307Z",
    "viaje": 1
  }
},
{
  "model": "busturistico.ubicacioncolectivo",
  "pk": 213,
  "fields": {
    "latitud": -34.574464,
    "longitud": -58.415522,
    "timestamp_ubicacion": "2025-10-20T14:55:58.795Z",
    "viaje": 1
  }
},
{
  "model": "busturistico.ubicacioncolectivo",
  "pk": 214,
  "fields": {
    "latitud": -34.574450999999996,
    "longitud": -58.4155845,
    "timestamp_ubicacion": "2025-10-20T14:55:59.795Z",
    "viaje": 1
  }
},
{
  "model": "busturistico.ubicacioncolectivo",
  "pk": 215,
  "fields": {
    "latitud": -34.574438,
    "longitud": -58.415647,
    "timestamp_ubicacion": "2025-10-20T14:56:00.795Z",
    "viaje": 1
  }
},
{
  "model": "busturistico.ubicacioncolectivo",
  "pk": 216,
  "fields": {
    "latitud": -34.574421,
    "longitud": -58.4157005,
    "timestamp_ubicacion": "2025-10-20T14:56:01.795Z",
    "viaje": 1
  }
},
{
  "model": "busturistico.ubicacioncolectivo",
  "pk": 217,
  "fields": {
    "latitud": -34.574404,
    "longitud": -58.415754,
    "timestamp_ubicacion": "2025-10-20T14:56:02.795Z",
    "viaje": 1
  }
},
{
  "model": "busturistico.ubicacioncolectivo",
  "pk": 218,
  "fields": {
    "latitud": -34.574394,
    "longitud": -58.4157815,
    "timestamp_ubicacion": "2025-10-20T14:56:03.795Z",
    "viaje": 1
  }
},
{
  "model": "busturistico.ubicacioncolectivo",
  "pk": 219,
  "fields": {
    "latitud": -34.574384,
    "longitud": -58.415809,
    "timestamp_ubicacion": "2025-10-20T14:56:04.795Z",
    "viaje": 1
  }
},
{
  "model": "busturistico.ubicacioncolectivo",
  "pk": 220,
  "fields": {
    "latitud": -34.5743625,
    "longitud": -58.4158605,
    "timestamp_ubicacion": "2025-10-20T14:56:05.795Z",
    "viaje": 1
  }
},
{
  "model": "busturistico.ubicacioncolectivo",
  "pk": 221,
  "fields": {
    "latitud": -34.574341,
    "longitud": -58.415912,
    "timestamp_ubicacion": "2025-10-20T14:56:06.795Z",
    "viaje": 1
  }
},
{
  "model": "busturistico.ubicacioncolectivo",
  "pk": 222,
  "fields": {
    "latitud": -34.574306625,
    "longitud": -58.41598275,
    "timestamp_ubicacion": "2025-10-20T14:56:07.878Z",
    "viaje": 1
  }
},
{
  "model": "busturistico.ubicacioncolectivo",
  "pk": 223,
  "fields": {
    "latitud": -34.57427225,
    "longitud": -58.4160535,
    "timestamp_ubicacion": "2025-10-20T14:56:08.961Z",
    "viaje": 1
  }
},
{
  "model": "busturistico.ubicacioncolectivo",
  "pk": 224,
  "fields": {
    "latitud": -34.574237875,
    "longitud": -58.416124249999996,
    "timestamp_ubicacion": "2025-10-20T14:56:10.044Z",
    "viaje": 1
  }
},
{
  "model": "busturistico.ubicacioncolectivo",
  "pk": 225,
  "fields": {
    "latitud": -34.574203499999996,
    "longitud": -58.416195,
    "timestamp_ubicacion": "2025-10-20T14:56:11.127Z",
    "viaje": 1
  }
},
{
  "model": "busturistico.ubicacioncolectivo",
  "pk": 226,
  "fields": {
    "latitud": -34.574169125,
    "longitud": -58.41626575,
    "timestamp_ubicacion": "2025-10-20T14:56:12.210Z",
    "viaje": 1
  }
},
{
  "model": "busturistico.ubicacioncolectivo",
  "pk": 227,
  "fields": {
    "latitud": -34.57413475,
    "longitud": -58.4163365,
    "timestamp_ubicacion": "2025-10-20T14:56:13.293Z",
    "viaje": 1
  }
},
{
  "model": "busturistico.ubicacioncolectivo",
  "pk": 228,
  "fields": {
    "latitud": -34.574100375,
    "longitud": -58.41640725,
    "timestamp_ubicacion": "2025-10-20T14:56:14.376Z",
    "viaje": 1
  }
},
{
  "model": "busturistico.ubicacioncolectivo",
  "pk": 229,
  "fields": {
    "latitud": -34.574066,
    "longitud": -58.416478,
    "timestamp_ubicacion": "2025-10-20T14:56:15.459Z",
    "viaje": 1
  }
},
{
  "model": "busturistico.ubicacioncolectivo",
  "pk": 230,
  "fields": {
    "latitud": -34.574031272727275,
    "longitud": -58.41654918181818,
    "timestamp_ubicacion": "2025-10-20T14:56:16.550Z",
    "viaje": 1
  }
},
{
  "model": "busturistico.ubicacioncolectivo",
  "pk": 231,
  "fields": {
    "latitud": -34.57399654545455,
    "longitud": -58.41662036363636,
    "timestamp_ubicacion": "2025-10-20T14:56:17.641Z",
    "viaje": 1
  }
},
{
  "model": "busturistico.ubicacioncolectivo",
  "pk": 232,
  "fields": {
    "latitud": -34.57396181818182,
    "longitud": -58.41669154545455,
    "timestamp_ubicacion": "2025-10-20T14:56:18.732Z",
    "viaje": 1
  }
},
{
  "model": "busturistico.ubicacioncolectivo",
  "pk": 233,
  "fields": {
    "latitud": -34.573927090909095,
    "longitud": -58.416762727272726,
    "timestamp_ubicacion": "2025-10-20T14:56:19.823Z",
    "viaje": 1
  }
},
{
  "model": "busturistico.ubicacioncolectivo",
  "pk": 234,
  "fields": {
    "latitud": -34.57389236363637,
    "longitud": -58.41683390909091,
    "timestamp_ubicacion": "2025-10-20T14:56:20.914Z",
    "viaje": 1
  }
},
{
  "model": "busturistico.ubicacioncolectivo",
  "pk": 235,
  "fields": {
    "latitud": -34.573857636363634,
    "longitud": -58.41690509090909,
    "timestamp_ubicacion": "2025-10-20T14:56:22.005Z",
    "viaje": 1
  }
},
{
  "model": "busturistico.ubicacioncolectivo",
  "pk": 236,
  "fields": {
    "latitud": -34.57382290909091,
    "longitud": -58.416976272727275,
    "timestamp_ubicacion": "2025-10-20T14:56:23.095Z",
    "viaje": 1
  }
},
{
  "model": "busturistico.ubicacioncolectivo",
  "pk": 237,
  "fields": {
    "latitud": -34.57378818181818,
    "longitud": -58.417047454545454,
    "timestamp_ubicacion": "2025-10-20T14:56:24.186Z",
    "viaje": 1
  }
},
{
  "model": "busturistico.ubicacioncolectivo",
  "pk": 238,
  "fields": {
    "latitud": -34.573753454545454,
    "longitud": -58.41711863636364,
    "timestamp_ubicacion": "2025-10-20T14:56:25.277Z",
    "viaje": 1
  }
},
{
  "model": "busturistico.ubicacioncolectivo",
  "pk": 239,
  "fields": {
    "latitud": -34.57371872727273,
    "longitud": -58.41718981818182,
    "timestamp_ubicacion": "2025-10-20T14:56:26.368Z",
    "viaje": 1
  }
},
{
  "model": "busturistico.ubicacioncolectivo",
  "pk": 240,
  "fields": {
    "latitud": -34.573684,
    "longitud": -58.417261,
    "timestamp_ubicacion": "2025-10-20T14:56:27.459Z",
    "viaje": 1
  }
},
{
  "model": "busturistico.ubicacioncolectivo",
  "pk": 241,
  "fields": {
    "latitud": -34.573650125,
    "longitud": -58.41733000000001,
    "timestamp_ubicacion": "2025-10-20T14:56:28.518Z",
    "viaje": 1
  }
},
{
  "model": "busturistico.ubicacioncolectivo",
  "pk": 242,
  "fields": {
    "latitud": -34.57361625,
    "longitud": -58.417399,
    "timestamp_ubicacion": "2025-10-20T14:56:29.577Z",
    "viaje": 1
  }
},
{
  "model": "busturistico.ubicacioncolectivo",
  "pk": 243,
  "fields": {
    "latitud": -34.573582375,
    "longitud": -58.417468,
    "timestamp_ubicacion": "2025-10-20T14:56:30.636Z",
    "viaje": 1
  }
},
{
  "model": "busturistico.ubicacioncolectivo",
  "pk": 244,
  "fields": {
    "latitud": -34.5735485,
    "longitud": -58.417537,
    "timestamp_ubicacion": "2025-10-20T14:56:31.695Z",
    "viaje": 1
  }
},
{
  "model": "busturistico.ubicacioncolectivo",
  "pk": 245,
  "fields": {
    "latitud": -34.573514625,
    "longitud": -58.417606000000006,
    "timestamp_ubicacion": "2025-10-20T14:56:32.755Z",
    "viaje": 1
  }
},
{
  "model": "busturistico.ubicacioncolectivo",
  "pk": 246,
  "fields": {
    "latitud": -34.57348075,
    "longitud": -58.417675,
    "timestamp_ubicacion": "2025-10-20T14:56:33.814Z",
    "viaje": 1
  }
},
{
  "model": "busturistico.ubicacioncolectivo",
  "pk": 247,
  "fields": {
    "latitud": -34.573446875,
    "longitud": -58.417744,
    "timestamp_ubicacion": "2025-10-20T14:56:34.873Z",
    "viaje": 1
  }
},
{
  "model": "busturistico.ubicacioncolectivo",
  "pk": 248,
  "fields": {
    "latitud": -34.573413,
    "longitud": -58.417813,
    "timestamp_ubicacion": "2025-10-20T14:56:35.932Z",
    "viaje": 1
  }
},
{
  "model": "busturistico.ubicacioncolectivo",
  "pk": 249,
  "fields": {
    "latitud": -34.57347666666667,
    "longitud": -58.41785466666667,
    "timestamp_ubicacion": "2025-10-20T14:56:37.090Z",
    "viaje": 1
  }
},
{
  "model": "busturistico.ubicacioncolectivo",
  "pk": 250,
  "fields": {
    "latitud": -34.573540333333334,
    "longitud": -58.41789633333333,
    "timestamp_ubicacion": "2025-10-20T14:56:38.248Z",
    "viaje": 1
  }
},
{
  "model": "busturistico.ubicacioncolectivo",
  "pk": 251,
  "fields": {
    "latitud": -34.573604,
    "longitud": -58.417938,
    "timestamp_ubicacion": "2025-10-20T14:56:39.406Z",
    "viaje": 1
  }
},
{
  "model": "busturistico.ubicacioncolectivo",
  "pk": 252,
  "fields": {
    "latitud": -34.57363635294118,
    "longitud": -58.41787117647059,
    "timestamp_ubicacion": "2025-10-20T14:56:40.428Z",
    "viaje": 1
  }
},
{
  "model": "busturistico.ubicacioncolectivo",
  "pk": 253,
  "fields": {
    "latitud": -34.573668705882355,
    "longitud": -58.417804352941175,
    "timestamp_ubicacion": "2025-10-20T14:56:41.450Z",
    "viaje": 1
  }
},
{
  "model": "busturistico.ubicacioncolectivo",
  "pk": 254,
  "fields": {
    "latitud": -34.57370105882353,
    "longitud": -58.41773752941177,
    "timestamp_ubicacion": "2025-10-20T14:56:42.472Z",
    "viaje": 1
  }
},
{
  "model": "busturistico.ubicacioncolectivo",
  "pk": 255,
  "fields": {
    "latitud": -34.57373341176471,
    "longitud": -58.41767070588235,
    "timestamp_ubicacion": "2025-10-20T14:56:43.494Z",
    "viaje": 1
  }
},
{
  "model": "busturistico.ubicacioncolectivo",
  "pk": 256,
  "fields": {
    "latitud": -34.57376576470588,
    "longitud": -58.41760388235294,
    "timestamp_ubicacion": "2025-10-20T14:56:44.516Z",
    "viaje": 1
  }
},
{
  "model": "busturistico.ubicacioncolectivo",
  "pk": 257,
  "fields": {
    "latitud": -34.57379811764706,
    "longitud": -58.41753705882353,
    "timestamp_ubicacion": "2025-10-20T14:56:45.538Z",
    "viaje": 1
  }
},
{
  "model": "busturistico.ubicacioncolectivo",
  "pk": 258,
  "fields": {
    "latitud": -34.573830470588234,
    "longitud": -58.41747023529412,
    "timestamp_ubicacion": "2025-10-20T14:56:46.560Z",
    "viaje": 1
  }
},
{
  "model": "busturistico.ubicacioncolectivo",
  "pk": 259,
  "fields": {
    "latitud": -34.57386282352941,
    "longitud": -58.4174034117647,
    "timestamp_ubicacion": "2025-10-20T14:56:47.582Z",
    "viaje": 1
  }
},
{
  "model": "busturistico.ubicacioncolectivo",
  "pk": 260,
  "fields": {
    "latitud": -34.57389517647059,
    "longitud": -58.417336588235294,
    "timestamp_ubicacion": "2025-10-20T14:56:48.604Z",
    "viaje": 1
  }
},
{
  "model": "busturistico.ubicacioncolectivo",
  "pk": 261,
  "fields": {
    "latitud": -34.57392752941177,
    "longitud": -58.41726976470588,
    "timestamp_ubicacion": "2025-10-20T14:56:49.626Z",
    "viaje": 1
  }
},
{
  "model": "busturistico.ubicacioncolectivo",
  "pk": 262,
  "fields": {
    "latitud": -34.573959882352945,
    "longitud": -58.41720294117647,
    "timestamp_ubicacion": "2025-10-20T14:56:50.648Z",
    "viaje": 1
  }
},
{
  "model": "busturistico.ubicacioncolectivo",
  "pk": 263,
  "fields": {
    "latitud": -34.57399223529412,
    "longitud": -58.417136117647054,
    "timestamp_ubicacion": "2025-10-20T14:56:51.670Z",
    "viaje": 1
  }
},
{
  "model": "busturistico.ubicacioncolectivo",
  "pk": 264,
  "fields": {
    "latitud": -34.5740245882353,
    "longitud": -58.417069294117645,
    "timestamp_ubicacion": "2025-10-20T14:56:52.693Z",
    "viaje": 1
  }
},
{
  "model": "busturistico.ubicacioncolectivo",
  "pk": 265,
  "fields": {
    "latitud": -34.57405694117647,
    "longitud": -58.41700247058823,
    "timestamp_ubicacion": "2025-10-20T14:56:53.715Z",
    "viaje": 1
  }
},
{
  "model": "busturistico.ubicacioncolectivo",
  "pk": 266,
  "fields": {
    "latitud": -34.57408929411765,
    "longitud": -58.41693564705882,
    "timestamp_ubicacion": "2025-10-20T14:56:54.737Z",
    "viaje": 1
  }
},
{
  "model": "busturistico.ubicacioncolectivo",
  "pk": 267,
  "fields": {
    "latitud": -34.574121647058824,
    "longitud": -58.416868823529406,
    "timestamp_ubicacion": "2025-10-20T14:56:55.759Z",
    "viaje": 1
  }
},
{
  "model": "busturistico.ubicacioncolectivo",
  "pk": 268,
  "fields": {
    "latitud": -34.574154,
    "longitud": -58.416802,
    "timestamp_ubicacion": "2025-10-20T14:56:56.781Z",
    "viaje": 1
  }
},
{
  "model": "busturistico.ubicacioncolectivo",
  "pk": 269,
  "fields": {
    "latitud": -34.574192363636364,
    "longitud": -58.41673445454545,
    "timestamp_ubicacion": "2025-10-20T14:56:57.862Z",
    "viaje": 1
  }
},
{
  "model": "busturistico.ubicacioncolectivo",
  "pk": 270,
  "fields": {
    "latitud": -34.57423072727273,
    "longitud": -58.41666690909091,
    "timestamp_ubicacion": "2025-10-20T14:56:58.944Z",
    "viaje": 1
  }
},
{
  "model": "busturistico.ubicacioncolectivo",
  "pk": 271,
  "fields": {
    "latitud": -34.57426909090909,
    "longitud": -58.41659936363636,
    "timestamp_ubicacion": "2025-10-20T14:57:00.026Z",
    "viaje": 1
  }
},
{
  "model": "busturistico.ubicacioncolectivo",
  "pk": 272,
  "fields": {
    "latitud": -34.574307454545455,
    "longitud": -58.41653181818182,
    "timestamp_ubicacion": "2025-10-20T14:57:01.108Z",
    "viaje": 1
  }
},
{
  "model": "busturistico.ubicacioncolectivo",
  "pk": 273,
  "fields": {
    "latitud": -34.57434581818182,
    "longitud": -58.41646427272727,
    "timestamp_ubicacion": "2025-10-20T14:57:02.190Z",
    "viaje": 1
  }
},
{
  "model": "busturistico.ubicacioncolectivo",
  "pk": 274,
  "fields": {
    "latitud": -34.57438418181818,
    "longitud": -58.416396727272726,
    "timestamp_ubicacion": "2025-10-20T14:57:03.272Z",
    "viaje": 1
  }
},
{
  "model": "busturistico.ubicacioncolectivo",
  "pk": 275,
  "fields": {
    "latitud": -34.574422545454546,
    "longitud": -58.41632918181818,
    "timestamp_ubicacion": "2025-10-20T14:57:04.354Z",
    "viaje": 1
  }
},
{
  "model": "busturistico.ubicacioncolectivo",
  "pk": 276,
  "fields": {
    "latitud": -34.57446090909091,
    "longitud": -58.416261636363636,
    "timestamp_ubicacion": "2025-10-20T14:57:05.435Z",
    "viaje": 1
  }
},
{
  "model": "busturistico.ubicacioncolectivo",
  "pk": 277,
  "fields": {
    "latitud": -34.57449927272727,
    "longitud": -58.41619409090909,
    "timestamp_ubicacion": "2025-10-20T14:57:06.517Z",
    "viaje": 1
  }
},
{
  "model": "busturistico.ubicacioncolectivo",
  "pk": 278,
  "fields": {
    "latitud": -34.57453763636364,
    "longitud": -58.416126545454546,
    "timestamp_ubicacion": "2025-10-20T14:57:07.599Z",
    "viaje": 1
  }
},
{
  "model": "busturistico.ubicacioncolectivo",
  "pk": 279,
  "fields": {
    "latitud": -34.574576,
    "longitud": -58.416059,
    "timestamp_ubicacion": "2025-10-20T14:57:08.681Z",
    "viaje": 1
  }
},
{
  "model": "busturistico.ubicacioncolectivo",
  "pk": 280,
  "fields": {
    "latitud": -34.574619,
    "longitud": -58.41599,
    "timestamp_ubicacion": "2025-10-20T14:57:09.822Z",
    "viaje": 1
  }
},
{
  "model": "busturistico.ubicacioncolectivo",
  "pk": 281,
  "fields": {
    "latitud": -34.574662000000004,
    "longitud": -58.415921,
    "timestamp_ubicacion": "2025-10-20T14:57:10.963Z",
    "viaje": 1
  }
},
{
  "model": "busturistico.ubicacioncolectivo",
  "pk": 282,
  "fields": {
    "latitud": -34.574705,
    "longitud": -58.415852,
    "timestamp_ubicacion": "2025-10-20T14:57:12.104Z",
    "viaje": 1
  }
},
{
  "model": "busturistico.ubicacioncolectivo",
  "pk": 283,
  "fields": {
    "latitud": -34.57474925,
    "longitud": -58.4157895,
    "timestamp_ubicacion": "2025-10-20T14:57:13.190Z",
    "viaje": 1
  }
},
{
  "model": "busturistico.ubicacioncolectivo",
  "pk": 284,
  "fields": {
    "latitud": -34.5747935,
    "longitud": -58.415727000000004,
    "timestamp_ubicacion": "2025-10-20T14:57:14.277Z",
    "viaje": 1
  }
},
{
  "model": "busturistico.ubicacioncolectivo",
  "pk": 285,
  "fields": {
    "latitud": -34.57483775,
    "longitud": -58.4156645,
    "timestamp_ubicacion": "2025-10-20T14:57:15.364Z",
    "viaje": 1
  }
},
{
  "model": "busturistico.ubicacioncolectivo",
  "pk": 286,
  "fields": {
    "latitud": -34.574882,
    "longitud": -58.415602,
    "timestamp_ubicacion": "2025-10-20T14:57:16.451Z",
    "viaje": 1
  }
},
{
  "model": "busturistico.ubicacioncolectivo",
  "pk": 287,
  "fields": {
    "latitud": -34.5748935,
    "longitud": -58.415587,
    "timestamp_ubicacion": "2025-10-20T14:57:17.451Z",
    "viaje": 1
  }
},
{
  "model": "busturistico.ubicacioncolectivo",
  "pk": 288,
  "fields": {
    "latitud": -34.574905,
    "longitud": -58.415572,
    "timestamp_ubicacion": "2025-10-20T14:57:18.451Z",
    "viaje": 1
  }
},
{
  "model": "busturistico.ubicacioncolectivo",
  "pk": 289,
  "fields": {
    "latitud": -34.574955,
    "longitud": -58.415517666666666,
    "timestamp_ubicacion": "2025-10-20T14:57:19.525Z",
    "viaje": 1
  }
},
{
  "model": "busturistico.ubicacioncolectivo",
  "pk": 290,
  "fields": {
    "latitud": -34.575005,
    "longitud": -58.41546333333333,
    "timestamp_ubicacion": "2025-10-20T14:57:20.599Z",
    "viaje": 1
  }
},
{
  "model": "busturistico.ubicacioncolectivo",
  "pk": 291,
  "fields": {
    "latitud": -34.575055,
    "longitud": -58.415409,
    "timestamp_ubicacion": "2025-10-20T14:57:21.673Z",
    "viaje": 1
  }
},
{
  "model": "busturistico.ubicacioncolectivo",
  "pk": 292,
  "fields": {
    "latitud": -34.575071,
    "longitud": -58.4154025,
    "timestamp_ubicacion": "2025-10-20T14:57:22.673Z",
    "viaje": 1
  }
},
{
  "model": "busturistico.ubicacioncolectivo",
  "pk": 293,
  "fields": {
    "latitud": -34.575087,
    "longitud": -58.415396,
    "timestamp_ubicacion": "2025-10-20T14:57:23.673Z",
    "viaje": 1
  }
},
{
  "model": "busturistico.ubicacioncolectivo",
  "pk": 294,
  "fields": {
    "latitud": -34.5751665,
    "longitud": -58.4154345,
    "timestamp_ubicacion": "2025-10-20T14:57:25.044Z",
    "viaje": 1
  }
},
{
  "model": "busturistico.ubicacioncolectivo",
  "pk": 295,
  "fields": {
    "latitud": -34.575246,
    "longitud": -58.415473,
    "timestamp_ubicacion": "2025-10-20T14:57:26.414Z",
    "viaje": 1
  }
},
{
  "model": "busturistico.ubicacioncolectivo",
  "pk": 296,
  "fields": {
    "latitud": -34.5752965,
    "longitud": -58.415493,
    "timestamp_ubicacion": "2025-10-20T14:57:27.414Z",
    "viaje": 1
  }
},
{
  "model": "busturistico.ubicacioncolectivo",
  "pk": 297,
  "fields": {
    "latitud": -34.575347,
    "longitud": -58.415513,
    "timestamp_ubicacion": "2025-10-20T14:57:28.414Z",
    "viaje": 1
  }
},
{
  "model": "busturistico.ubicacioncolectivo",
  "pk": 298,
  "fields": {
    "latitud": -34.5753845,
    "longitud": -58.415536,
    "timestamp_ubicacion": "2025-10-20T14:57:29.414Z",
    "viaje": 1
  }
},
{
  "model": "busturistico.ubicacioncolectivo",
  "pk": 299,
  "fields": {
    "latitud": -34.575422,
    "longitud": -58.415559,
    "timestamp_ubicacion": "2025-10-20T14:57:30.414Z",
    "viaje": 1
  }
},
{
  "model": "busturistico.ubicacioncolectivo",
  "pk": 300,
  "fields": {
    "latitud": -34.5754695,
    "longitud": -58.415585,
    "timestamp_ubicacion": "2025-10-20T14:57:31.414Z",
    "viaje": 1
  }
},
{
  "model": "busturistico.ubicacioncolectivo",
  "pk": 301,
  "fields": {
    "latitud": -34.575517,
    "longitud": -58.415611,
    "timestamp_ubicacion": "2025-10-20T14:57:32.414Z",
    "viaje": 1
  }
},
{
  "model": "busturistico.ubicacioncolectivo",
  "pk": 302,
  "fields": {
    "latitud": -34.575574,
    "longitud": -58.4156415,
    "timestamp_ubicacion": "2025-10-20T14:57:33.414Z",
    "viaje": 1
  }
},
{
  "model": "busturistico.ubicacioncolectivo",
  "pk": 303,
  "fields": {
    "latitud": -34.575631,
    "longitud": -58.415672,
    "timestamp_ubicacion": "2025-10-20T14:57:34.414Z",
    "viaje": 1
  }
},
{
  "model": "busturistico.ubicacioncolectivo",
  "pk": 304,
  "fields": {
    "latitud": -34.575588333333336,
    "longitud": -58.415613,
    "timestamp_ubicacion": "2025-10-20T14:57:35.450Z",
    "viaje": 1
  }
},
{
  "model": "busturistico.ubicacioncolectivo",
  "pk": 305,
  "fields": {
    "latitud": -34.57554566666666,
    "longitud": -58.415554,
    "timestamp_ubicacion": "2025-10-20T14:57:36.485Z",
    "viaje": 1
  }
},
{
  "model": "busturistico.ubicacioncolectivo",
  "pk": 306,
  "fields": {
    "latitud": -34.575503,
    "longitud": -58.415495,
    "timestamp_ubicacion": "2025-10-20T14:57:37.520Z",
    "viaje": 1
  }
},
{
  "model": "busturistico.ubicacioncolectivo",
  "pk": 307,
  "fields": {
    "latitud": -34.5754835,
    "longitud": -58.415468000000004,
    "timestamp_ubicacion": "2025-10-20T14:57:38.520Z",
    "viaje": 1
  }
},
{
  "model": "busturistico.ubicacioncolectivo",
  "pk": 308,
  "fields": {
    "latitud": -34.575464,
    "longitud": -58.415441,
    "timestamp_ubicacion": "2025-10-20T14:57:39.520Z",
    "viaje": 1
  }
},
{
  "model": "busturistico.ubicacioncolectivo",
  "pk": 309,
  "fields": {
    "latitud": -34.575458,
    "longitud": -58.415433,
    "timestamp_ubicacion": "2025-10-20T14:57:40.520Z",
    "viaje": 1
  }
},
{
  "model": "busturistico.ubicacioncolectivo",
  "pk": 310,
  "fields": {
    "latitud": -34.575452,
    "longitud": -58.415425,
    "timestamp_ubicacion": "2025-10-20T14:57:41.520Z",
    "viaje": 1
  }
},
{
  "model": "busturistico.historialestadoviaje",
  "pk": 1,
  "fields": {
    "viaje": 1,
    "estado_viaje": 1,
    "fecha_cambio_estado": "2025-10-20T14:51:40.784Z"
  }
},
{
  "model": "busturistico.historialestadoviaje",
  "pk": 2,
  "fields": {
    "viaje": 1,
    "estado_viaje": 2,
    "fecha_cambio_estado": "2025-10-20T14:52:12.081Z"
  }
},
{
  "model": "busturistico.historialestadoviaje",
  "pk": 3,
  "fields": {
    "viaje": 1,
    "estado_viaje": 3,
    "fecha_cambio_estado": "2025-10-20T14:57:41.520Z"
  }
},
{
  "model": "busturistico.consulta",
  "pk": 1,
  "fields": {
    "nombre": "Valentino",
    "email": "valenolmedo839@gmail.com",
    "telefono": "+54 11 0351384433",
    "personas": "2",
    "fecha_interes": "2025-09-24",
    "recorrido_interes": "centro-historico",
    "mensaje": "eadae",
    "fecha_envio": "2025-09-22T13:09:28.920Z",
    "respondida": true,
    "respuesta": "dadwadwdwdw"
  }
},
{
  "model": "busturistico.consulta",
  "pk": 2,
  "fields": {
    "nombre": "Valentino",
    "email": "valenolmedo839@gmail.com",
    "telefono": "+54 11 0351384433",
    "personas": "3-5",
    "fecha_interes": "2025-09-26",
    "recorrido_interes": "centro-historico",
    "mensaje": "waddwwadadadwdadwa",
    "fecha_envio": "2025-09-22T13:16:09.907Z",
    "respondida": true,
    "respuesta": "callate man"
  }
},
{
  "model": "busturistico.consulta",
  "pk": 3,
  "fields": {
    "nombre": "matias",
    "email": "Matiasd1708@gmail.com",
    "telefono": "+54 11 0351384433",
    "personas": "1",
    "fecha_interes": "2025-10-04",
    "recorrido_interes": "barrios-emblematicos",
    "mensaje": "aeafeffeaddwdw",
    "fecha_envio": "2025-09-22T13:35:24.736Z",
    "respondida": true,
    "respuesta": "callate amigo"
  }
},
{
  "model": "busturistico.consulta",
  "pk": 4,
  "fields": {
    "nombre": "Valentino",
    "email": "matiasd1708@gmail.com",
    "telefono": "+54 11 0351384433",
    "personas": "",
    "fecha_interes": "2025-09-24",
    "recorrido_interes": "centro-historico",
    "mensaje": "feaf",
    "fecha_envio": "2025-09-22T13:36:31.549Z",
    "respondida": true,
    "respuesta": "gayyyy"
  }
},
{
  "model": "busturistico.consulta",
  "pk": 5,
  "fields": {
    "nombre": "thaigo",
    "email": "thiagoomalap@gmail.com",
    "telefono": "+54 11 0351384433",
    "personas": "3-5",
    "fecha_interes": "2025-09-24",
    "recorrido_interes": "centro-historico",
    "mensaje": "una verga",
    "fecha_envio": "2025-09-22T14:16:39.368Z",
    "respondida": true,
    "respuesta": "chupame el pingo, buscate otra pagina"
  }
},
{
  "model": "busturistico.consulta",
  "pk": 6,
  "fields": {
    "nombre": "simon",
    "email": "simonolocco@gmail.com",
    "telefono": "03513844333",
    "personas": "2",
    "fecha_interes": "2025-09-25",
    "recorrido_interes": "centro-historico",
    "mensaje": "muy mala su pagina de mierda",
    "fecha_envio": "2025-09-22T14:58:16.692Z",
    "respondida": true,
    "respuesta": "chupame el pingo simon"
  }
},
{
  "model": "busturistico.consulta",
  "pk": 7,
  "fields": {
    "nombre": "Notebook HP",
    "email": "valentinomateoolmedo@gmail.com",
    "telefono": "+54 11 3844333",
    "personas": "1",
    "fecha_interes": "2025-09-30",
    "recorrido_interes": "centro-historico",
    "mensaje": "wdad",
    "fecha_envio": "2025-09-29T11:17:24.682Z",
    "respondida": true,
    "respuesta": "callate amigo"
  }
},
{
  "model": "busturistico.consulta",
  "pk": 8,
  "fields": {
    "nombre": "valentino olmedo",
    "email": "valenolmedo839@gmail.com",
    "telefono": "03513844333",
    "personas": "2",
    "fecha_interes": "2025-10-30",
    "recorrido_interes": "centro-historico",
    "mensaje": "quiero reservar el recorrido verde pa ",
    "fecha_envio": "2025-10-25T22:11:26.396Z",
    "respondida": true,
    "respuesta": "awefaeff"
  }
},
{
  "model": "busturistico.consulta",
  "pk": 9,
  "fields": {
    "nombre": "valentino",
    "email": "valenolmedo839@gmail.com",
    "telefono": "03513844333",
    "personas": "2",
    "fecha_interes": "2025-10-31",
    "recorrido_interes": "Rojo",
    "mensaje": "thht",
    "fecha_envio": "2025-10-27T01:46:17.348Z",
    "respondida": true,
    "respuesta": "rttrthr"
  }
}
]
